"ObservationDate","Country_Region","Province_State","Confirmed","Deaths","Recovered","Active"
2020-02-26,"Georgia",NA,1,0,0,1
2020-02-27,"Georgia",NA,1,0,0,1
2020-02-27,"Georgia",NA,1,0,0,1
2020-02-27,"Georgia",NA,1,0,0,1
2020-02-28,"Azerbaijan",NA,1,0,0,1
2020-03-01,"Azerbaijan",NA,3,0,0,3
2020-03-01,"Georgia",NA,3,0,0,3
2020-03-01,"Armenia",NA,1,0,0,1
2020-03-01,"Azerbaijan",NA,3,0,0,3
2020-03-01,"Georgia",NA,3,0,0,3
2020-03-01,"Armenia",NA,1,0,0,1
2020-03-01,"Azerbaijan",NA,3,0,0,3
2020-03-01,"Georgia",NA,3,0,0,3
2020-03-01,"Armenia",NA,1,0,0,1
2020-03-01,"Azerbaijan",NA,3,0,0,3
2020-03-01,"Georgia",NA,3,0,0,3
2020-03-01,"Armenia",NA,1,0,0,1
2020-03-01,"Armenia",NA,1,0,0,1
2020-03-01,"Armenia",NA,1,0,0,1
2020-03-01,"Armenia",NA,1,0,0,1
2020-03-01,"Armenia",NA,1,0,0,1
2020-03-01,"Armenia",NA,1,0,0,1
2020-03-01,"Armenia",NA,1,0,0,1
2020-03-01,"Armenia",NA,1,0,0,1
2020-03-05,"Azerbaijan",NA,6,0,0,6
2020-03-05,"Georgia",NA,4,0,0,4
2020-03-05,"Azerbaijan",NA,6,0,0,6
2020-03-05,"Georgia",NA,4,0,0,4
2020-03-05,"Georgia",NA,4,0,0,4
2020-03-07,"Azerbaijan",NA,9,0,0,9
2020-03-07,"Azerbaijan",NA,9,0,0,9
2020-03-07,"Azerbaijan",NA,9,0,0,9
2020-03-08,"Georgia",NA,13,0,0,13
2020-03-09,"Georgia",NA,15,0,0,15
2020-03-09,"Cyprus",NA,2,0,0,2
2020-03-09,"Georgia",NA,15,0,0,15
2020-03-10,"Azerbaijan",NA,11,0,0,11
2020-03-10,"Cyprus",NA,3,0,0,3
2020-03-11,"Georgia",NA,24,0,0,24
2020-03-11,"Azerbaijan",NA,11,0,3,8
2020-03-11,"Cyprus",NA,6,0,0,6
2020-03-11,"Turkey",NA,1,0,0,1
2020-03-11,"Georgia",NA,24,0,0,24
2020-03-11,"Azerbaijan",NA,11,0,3,8
2020-03-11,"Cyprus",NA,6,0,0,6
2020-03-11,"Turkey",NA,1,0,0,1
2020-03-11,"Georgia",NA,25,0,0,25
2020-03-11,"Turkey",NA,5,0,0,5
2020-03-11,"Azerbaijan",NA,15,1,3,11
2020-03-11,"Armenia",NA,8,0,0,8
2020-03-11,"Kazakhstan",NA,4,0,0,4
2020-03-11,"Cyprus",NA,14,0,0,14
2020-03-12,"Armenia",NA,4,0,0,4
2020-03-13,"Azerbaijan",NA,15,1,3,11
2020-03-13,"Turkey",NA,5,0,0,5
2020-03-13,"Azerbaijan",NA,23,1,6,16
2020-03-14,"Georgia",NA,30,0,0,30
2020-03-14,"Cyprus",NA,26,0,0,26
2020-03-14,"Armenia",NA,18,0,0,18
2020-03-14,"Kazakhstan",NA,6,0,0,6
2020-03-14,"Georgia",NA,33,0,0,33
2020-03-14,"Cyprus",NA,26,0,0,26
2020-03-15,"Armenia",NA,26,0,0,26
2020-03-15,"Kazakhstan",NA,9,0,0,9
2020-03-15,"Turkey",NA,6,0,0,6
2020-03-15,"Kosovo",NA,2,0,0,2
2020-03-15,"Kosovo",NA,2,0,0,2
2020-03-15,"Kosovo",NA,2,0,0,2
2020-03-15,"Kosovo",NA,2,0,0,2
2020-03-15,"Kosovo",NA,2,0,0,2
2020-03-15,"Kosovo",NA,2,0,0,2
2020-03-15,"Kosovo",NA,2,0,0,2
2020-03-16,"Armenia",NA,52,0,0,52
2020-03-16,"Cyprus",NA,33,0,0,33
2020-03-16,"Georgia",NA,33,0,1,32
2020-03-16,"Turkey",NA,18,0,0,18
2020-03-16,"Azerbaijan",NA,15,1,6,8
2020-03-16,"Kazakhstan",NA,10,0,0,10
2020-03-17,"Armenia",NA,78,0,1,77
2020-03-17,"Turkey",NA,47,1,0,46
2020-03-17,"Cyprus",NA,46,0,0,46
2020-03-17,"Georgia",NA,34,0,1,33
2020-03-17,"Kazakhstan",NA,33,0,0,33
2020-03-17,"Azerbaijan",NA,28,1,6,21
2020-03-17,"Azerbaijan",NA,28,1,6,21
2020-03-18,"Turkey",NA,98,1,0,97
2020-03-18,"Armenia",NA,84,0,1,83
2020-03-18,"Cyprus",NA,49,0,0,49
2020-03-18,"Georgia",NA,38,0,1,37
2020-03-18,"Kazakhstan",NA,35,0,0,35
2020-03-19,"Turkey",NA,192,3,0,189
2020-03-19,"Armenia",NA,115,0,1,114
2020-03-19,"Cyprus",NA,67,0,0,67
2020-03-19,"Azerbaijan",NA,44,1,6,37
2020-03-19,"Kazakhstan",NA,44,0,0,44
2020-03-19,"Georgia",NA,40,0,1,39
2020-03-19,"Cyprus",NA,67,0,0,67
2020-03-19,"Azerbaijan",NA,44,1,6,37
2020-03-20,"Turkey",NA,359,4,0,355
2020-03-20,"Armenia",NA,136,0,1,135
2020-03-20,"Kazakhstan",NA,49,3,0,46
2020-03-20,"Georgia",NA,43,0,1,42
2020-03-21,"Turkey",NA,670,9,0,661
2020-03-21,"Armenia",NA,160,0,1,159
2020-03-21,"Cyprus",NA,84,0,0,84
2020-03-21,"Azerbaijan",NA,53,1,11,41
2020-03-21,"Kazakhstan",NA,53,0,0,53
2020-03-21,"Georgia",NA,49,0,1,48
2020-03-22,"Turkey",NA,1236,30,0,1206
2020-03-22,"Armenia",NA,194,0,2,192
2020-03-22,"Cyprus",NA,95,1,3,91
2020-03-22,"Azerbaijan",NA,65,1,11,53
2020-03-22,"Kazakhstan",NA,59,0,0,59
2020-03-22,"Georgia",NA,54,0,1,53
2020-03-23,"Armenia",NA,235,0,2,233
2020-03-23,"Azerbaijan",NA,72,1,10,61
2020-03-23,"Cyprus",NA,116,1,3,112
2020-03-23,"Georgia",NA,61,0,8,53
2020-03-23,"Kazakhstan",NA,62,0,0,62
2020-03-23,"Turkey",NA,1529,37,0,1492
2020-03-24,"Armenia",NA,249,0,14,235
2020-03-24,"Azerbaijan",NA,87,1,10,76
2020-03-24,"Cyprus",NA,124,3,3,118
2020-03-24,"Georgia",NA,70,0,9,61
2020-03-24,"Kazakhstan",NA,72,0,0,72
2020-03-24,"Turkey",NA,1872,44,0,1828
2020-03-25,"Armenia",NA,265,0,16,249
2020-03-25,"Azerbaijan",NA,93,2,10,81
2020-03-25,"Cyprus",NA,132,3,3,126
2020-03-25,"Georgia",NA,75,0,10,65
2020-03-25,"Kazakhstan",NA,81,0,0,81
2020-03-25,"Turkey",NA,2433,59,26,2348
2020-03-26,"Armenia",NA,290,1,18,271
2020-03-26,"Azerbaijan",NA,122,3,15,104
2020-03-26,"Cyprus",NA,146,3,4,139
2020-03-26,"Georgia",NA,79,0,11,68
2020-03-26,"Kazakhstan",NA,111,1,2,108
2020-03-26,"Kosovo",NA,71,1,0,70
2020-03-26,"Turkey",NA,3629,75,26,3528
2020-03-27,"Armenia",NA,329,1,28,300
2020-03-27,"Azerbaijan",NA,165,3,15,147
2020-03-27,"Cyprus",NA,162,5,15,142
2020-03-27,"Georgia",NA,83,0,14,69
2020-03-27,"Kazakhstan",NA,150,1,3,146
2020-03-27,"Kosovo",NA,86,1,1,84
2020-03-27,"Turkey",NA,5698,92,42,5564
2020-03-28,"Armenia",NA,407,1,30,376
2020-03-28,"Azerbaijan",NA,182,4,15,163
2020-03-28,"Cyprus",NA,179,5,15,159
2020-03-28,"Georgia",NA,90,0,14,76
2020-03-28,"Kazakhstan",NA,228,1,16,211
2020-03-28,"Kosovo",NA,91,1,1,89
2020-03-28,"Turkey",NA,7402,108,70,7224
2020-03-29,"Armenia",NA,424,3,30,391
2020-03-29,"Azerbaijan",NA,209,4,15,190
2020-03-29,"Cyprus",NA,214,5,15,194
2020-03-29,"Georgia",NA,91,0,18,73
2020-03-29,"Kazakhstan",NA,284,1,20,263
2020-03-29,"Kosovo",NA,94,1,1,92
2020-03-29,"Turkey",NA,9217,131,105,8981
2020-03-30,"Armenia",NA,482,3,30,449
2020-03-30,"Azerbaijan",NA,273,4,26,243
2020-03-30,"Cyprus",NA,230,7,22,201
2020-03-30,"Georgia",NA,103,0,20,83
2020-03-30,"Kazakhstan",NA,302,1,21,280
2020-03-30,"Kosovo",NA,94,1,1,92
2020-03-30,"Turkey",NA,10827,168,162,10497
2020-03-31,"Armenia",NA,532,3,30,499
2020-03-31,"Azerbaijan",NA,298,5,26,267
2020-03-31,"Cyprus",NA,262,8,23,231
2020-03-31,"Georgia",NA,110,0,21,89
2020-03-31,"Kazakhstan",NA,343,2,24,317
2020-03-31,"Kosovo",NA,112,1,6,105
2020-03-31,"Turkey",NA,13531,214,243,13074
2020-04-01,"Armenia",NA,571,4,31,536
2020-04-01,"Azerbaijan",NA,359,5,26,328
2020-04-01,"Cyprus",NA,320,9,28,283
2020-04-01,"Georgia",NA,117,0,23,94
2020-04-01,"Kazakhstan",NA,380,3,26,351
2020-04-01,"Kosovo",NA,125,1,10,114
2020-04-01,"Turkey",NA,15679,277,333,15069
2020-04-02,"Armenia",NA,663,7,33,623
2020-04-02,"Azerbaijan",NA,400,5,26,369
2020-04-02,"Cyprus",NA,356,10,28,318
2020-04-02,"Georgia",NA,134,0,26,108
2020-04-02,"Kazakhstan",NA,435,3,27,405
2020-04-02,"Kosovo",NA,125,1,10,114
2020-04-02,"Turkey",NA,18135,356,415,17364
2020-04-03,"Armenia",NA,736,7,43,686
2020-04-03,"Azerbaijan",NA,443,5,32,406
2020-04-03,"Cyprus",NA,396,11,28,357
2020-04-03,"Georgia",NA,155,0,28,127
2020-04-03,"Kazakhstan",NA,464,6,29,429
2020-04-03,"Kosovo",NA,126,1,10,115
2020-04-03,"Turkey",NA,20921,425,484,20012
2020-04-04,"Armenia",NA,770,7,43,720
2020-04-04,"Azerbaijan",NA,521,5,32,484
2020-04-04,"Cyprus",NA,426,11,33,382
2020-04-04,"Georgia",NA,162,1,36,125
2020-04-04,"Kazakhstan",NA,531,5,36,490
2020-04-04,"Kosovo",NA,135,1,16,118
2020-04-04,"Turkey",NA,23934,501,786,22647
2020-04-05,"Armenia",NA,822,7,57,758
2020-04-05,"Azerbaijan",NA,584,7,32,545
2020-04-05,"Cyprus",NA,446,9,37,400
2020-04-05,"Georgia",NA,174,2,36,136
2020-04-05,"Kazakhstan",NA,584,6,42,536
2020-04-05,"Kosovo",NA,145,1,23,121
2020-04-05,"Turkey",NA,27069,574,1042,25453
2020-04-06,"Armenia",NA,833,8,62,763
2020-04-06,"Azerbaijan",NA,641,7,44,590
2020-04-06,"Cyprus",NA,465,9,45,411
2020-04-06,"Georgia",NA,188,2,39,147
2020-04-06,"Kazakhstan",NA,662,6,46,610
2020-04-06,"Kosovo",NA,145,1,23,121
2020-04-06,"Turkey",NA,30217,649,1326,28242
2020-04-07,"Armenia",NA,853,8,87,758
2020-04-07,"Azerbaijan",NA,717,8,44,665
2020-04-07,"Cyprus",NA,494,9,47,438
2020-04-07,"Georgia",NA,196,3,46,147
2020-04-07,"Kazakhstan",NA,697,6,51,640
2020-04-07,"Kosovo",NA,170,4,24,142
2020-04-07,"Turkey",NA,34109,725,1582,31802
2020-04-08,"Armenia",NA,881,9,114,758
2020-04-08,"Azerbaijan",NA,822,8,63,751
2020-04-08,"Cyprus",NA,526,9,52,465
2020-04-08,"Georgia",NA,211,3,50,158
2020-04-08,"Kazakhstan",NA,727,7,54,666
2020-04-08,"Kosovo",NA,184,5,30,149
2020-04-08,"Turkey",NA,38226,812,1846,35568
2020-04-09,"Armenia",NA,921,10,138,773
2020-04-09,"Azerbaijan",NA,926,9,101,816
2020-04-09,"Cyprus",NA,564,10,53,501
2020-04-09,"Georgia",NA,218,3,51,164
2020-04-09,"Kazakhstan",NA,781,8,60,713
2020-04-09,"Kosovo",NA,184,5,30,149
2020-04-09,"Turkey",NA,42282,908,2142,39232
2020-04-10,"Armenia",NA,937,12,149,776
2020-04-10,"Azerbaijan",NA,991,10,159,822
2020-04-10,"Cyprus",NA,595,10,58,527
2020-04-10,"Georgia",NA,234,3,54,177
2020-04-10,"Kazakhstan",NA,812,10,64,738
2020-04-10,"Kosovo",NA,250,7,52,191
2020-04-10,"Turkey",NA,47029,1006,2423,43600
2020-04-11,"Armenia",NA,967,13,173,781
2020-04-11,"Azerbaijan",NA,1058,11,200,847
2020-04-11,"Cyprus",NA,616,10,61,545
2020-04-11,"Georgia",NA,242,3,60,179
2020-04-11,"Kazakhstan",NA,865,10,81,774
2020-04-11,"Kosovo",NA,283,7,58,218
2020-04-11,"Turkey",NA,52167,1101,2965,48101
2020-04-12,"Armenia",NA,1013,13,197,803
2020-04-12,"Azerbaijan",NA,1098,11,250,837
2020-04-12,"Cyprus",NA,633,11,65,557
2020-04-12,"Georgia",NA,257,3,67,187
2020-04-12,"Kazakhstan",NA,951,10,99,842
2020-04-12,"Kosovo",NA,283,7,58,218
2020-04-12,"Turkey",NA,56956,1198,3446,52312
2020-04-13,"Armenia",NA,1039,14,211,814
2020-04-13,"Azerbaijan",NA,1148,12,289,847
2020-04-13,"Cyprus",NA,662,12,65,585
2020-04-13,"Georgia",NA,272,3,68,201
2020-04-13,"Kazakhstan",NA,1091,12,138,941
2020-04-13,"Kosovo",NA,283,7,58,218
2020-04-13,"Turkey",NA,61049,1296,3957,55796
2020-04-14,"Armenia",NA,1067,16,265,786
2020-04-14,"Azerbaijan",NA,1197,13,351,833
2020-04-14,"Cyprus",NA,695,12,65,618
2020-04-14,"Georgia",NA,300,3,69,228
2020-04-14,"Kazakhstan",NA,1232,14,203,1015
2020-04-14,"Kosovo",NA,387,8,66,313
2020-04-14,"Turkey",NA,65111,1403,4799,58909
2020-04-15,"Armenia",NA,1111,17,297,797
2020-04-15,"Azerbaijan",NA,1253,13,404,836
2020-04-15,"Cyprus",NA,715,12,65,638
2020-04-15,"Georgia",NA,306,3,71,232
2020-04-15,"Kazakhstan",NA,1295,16,240,1039
2020-04-15,"Kosovo",NA,387,8,66,313
2020-04-15,"Turkey",NA,69392,1518,5674,62200
2020-04-16,"Armenia",NA,1159,18,358,783
2020-04-16,"Azerbaijan",NA,1283,15,460,808
2020-04-16,"Cyprus",NA,735,12,77,646
2020-04-16,"Georgia",NA,348,3,76,269
2020-04-16,"Kazakhstan",NA,1402,17,277,1108
2020-04-16,"Kosovo",NA,449,11,79,359
2020-04-16,"Turkey",NA,74193,1643,7089,65461
2020-04-17,"Armenia",NA,1201,19,402,780
2020-04-17,"Azerbaijan",NA,1340,15,528,797
2020-04-17,"Cyprus",NA,750,12,77,661
2020-04-17,"Georgia",NA,370,3,79,288
2020-04-17,"Kazakhstan",NA,1546,17,347,1182
2020-04-17,"Kosovo",NA,480,12,84,384
2020-04-17,"Turkey",NA,78546,1769,8631,68146
2020-04-18,"Armenia",NA,1248,20,523,705
2020-04-18,"Azerbaijan",NA,1373,18,590,765
2020-04-18,"Cyprus",NA,761,12,79,670
2020-04-18,"Georgia",NA,388,4,86,298
2020-04-18,"Kazakhstan",NA,1615,17,377,1221
2020-04-18,"Kosovo",NA,510,12,93,405
2020-04-18,"Turkey",NA,82329,1890,10453,69986
2020-04-19,"Armenia",NA,1291,20,545,726
2020-04-19,"Azerbaijan",NA,1398,19,712,667
2020-04-19,"Cyprus",NA,767,12,81,674
2020-04-19,"Georgia",NA,394,4,93,297
2020-04-19,"Kazakhstan",NA,1676,17,400,1259
2020-04-19,"Kosovo",NA,510,12,93,405
2020-04-19,"Turkey",NA,86306,2017,11976,72313
2020-04-20,"Armenia",NA,1339,22,580,737
2020-04-20,"Azerbaijan",NA,1436,19,791,626
2020-04-20,"Cyprus",NA,772,12,81,679
2020-04-20,"Georgia",NA,402,4,95,303
2020-04-20,"Kazakhstan",NA,1852,19,447,1386
2020-04-20,"Kosovo",NA,510,12,93,405
2020-04-20,"Turkey",NA,90980,2140,13430,75410
2020-04-21,"Armenia",NA,1401,24,609,768
2020-04-21,"Azerbaijan",NA,1480,20,865,595
2020-04-21,"Cyprus",NA,784,12,98,674
2020-04-21,"Georgia",NA,408,4,97,307
2020-04-21,"Kazakhstan",NA,1995,19,489,1487
2020-04-21,"Kosovo",NA,510,12,93,405
2020-04-21,"Turkey",NA,95591,2259,14918,78414
2020-04-22,"Armenia",NA,1473,24,633,816
2020-04-22,"Azerbaijan",NA,1518,20,907,591
2020-04-22,"Cyprus",NA,790,13,98,679
2020-04-22,"Georgia",NA,416,5,107,304
2020-04-22,"Kazakhstan",NA,2135,19,515,1601
2020-04-22,"Kosovo",NA,510,12,93,405
2020-04-22,"Turkey",NA,98674,2376,16477,79821
2020-04-23,"Armenia",NA,1523,24,659,840
2020-04-23,"Azerbaijan",NA,1548,20,948,580
2020-04-23,"Cyprus",NA,795,13,98,684
2020-04-23,"Georgia",NA,425,5,111,309
2020-04-23,"Kazakhstan",NA,2289,20,560,1709
2020-04-23,"Kosovo",NA,510,12,93,405
2020-04-23,"Turkey",NA,101790,2491,18491,80808
2020-04-24,"Armenia",NA,1596,27,728,841
2020-04-24,"Azerbaijan",NA,1592,21,1013,558
2020-04-24,"Cyprus",NA,804,14,98,692
2020-04-24,"Georgia",NA,444,5,132,307
2020-04-24,"Kazakhstan",NA,2482,25,604,1853
2020-04-24,"Kosovo",NA,510,12,93,405
2020-04-24,"Turkey",NA,104912,2600,21737,80575
2020-04-25,"Armenia",NA,1677,28,803,846
2020-04-25,"Azerbaijan",NA,1617,21,1080,516
2020-04-25,"Cyprus",NA,810,14,148,648
2020-04-25,"Georgia",NA,456,5,139,312
2020-04-25,"Kazakhstan",NA,2601,25,646,1930
2020-04-25,"Kosovo",NA,510,12,93,405
2020-04-25,"Turkey",NA,107773,2706,25582,79485
2020-04-26,"Armenia",NA,1746,28,833,885
2020-04-26,"Azerbaijan",NA,1645,21,1139,485
2020-04-26,"Cyprus",NA,817,14,148,655
2020-04-26,"Georgia",NA,486,6,149,331
2020-04-26,"Kazakhstan",NA,2717,25,682,2010
2020-04-26,"Kosovo",NA,510,12,93,405
2020-04-26,"Turkey",NA,110130,2805,29140,78185
2020-04-27,"Armenia",NA,1808,29,848,931
2020-04-27,"Azerbaijan",NA,1678,22,1162,494
2020-04-27,"Cyprus",NA,822,15,148,659
2020-04-27,"Georgia",NA,497,6,156,335
2020-04-27,"Kazakhstan",NA,2835,25,720,2090
2020-04-27,"Kosovo",NA,510,12,93,405
2020-04-27,"Turkey",NA,112261,2900,33791,75570
2020-04-28,"Armenia",NA,1867,30,866,971
2020-04-28,"Azerbaijan",NA,1717,22,1221,474
2020-04-28,"Cyprus",NA,837,15,148,674
2020-04-28,"Georgia",NA,511,6,168,337
2020-04-28,"Kazakhstan",NA,3027,25,774,2228
2020-04-28,"Kosovo",NA,510,12,93,405
2020-04-28,"Turkey",NA,114653,2992,38809,72852
2020-04-29,"Armenia",NA,1932,30,900,1002
2020-04-29,"Azerbaijan",NA,1766,23,1267,476
2020-04-29,"Cyprus",NA,843,15,148,680
2020-04-29,"Georgia",NA,517,6,178,333
2020-04-29,"Kazakhstan",NA,3138,25,819,2294
2020-04-29,"Kosovo",NA,510,12,93,405
2020-04-29,"Turkey",NA,117589,3081,44040,70468
2020-04-30,"Armenia",NA,2066,32,929,1105
2020-04-30,"Azerbaijan",NA,1804,24,1325,455
2020-04-30,"Cyprus",NA,850,15,296,539
2020-04-30,"Georgia",NA,539,6,184,349
2020-04-30,"Kazakhstan",NA,3402,25,866,2511
2020-04-30,"Kosovo",NA,799,22,249,528
2020-04-30,"Turkey",NA,120204,3174,48886,68144
2020-05-01,"Armenia",NA,2148,33,977,1138
2020-05-01,"Azerbaijan",NA,1854,25,1365,464
2020-05-01,"Cyprus",NA,857,15,296,546
2020-05-01,"Georgia",NA,566,7,207,352
2020-05-01,"Kazakhstan",NA,3597,25,922,2650
2020-05-01,"Kosovo",NA,806,22,271,513
2020-05-01,"Turkey",NA,122392,3258,53808,65326
2020-05-02,"Armenia",NA,2273,33,1010,1230
2020-05-02,"Azerbaijan",NA,1894,25,1411,458
2020-05-02,"Cyprus",NA,864,15,296,553
2020-05-02,"Georgia",NA,582,8,207,367
2020-05-02,"Kazakhstan",NA,3857,25,985,2847
2020-05-02,"Kosovo",NA,823,22,336,465
2020-05-02,"Turkey",NA,124375,3336,58259,62780
2020-05-03,"Armenia",NA,2386,35,1035,1316
2020-05-03,"Azerbaijan",NA,1932,25,1441,466
2020-05-03,"Cyprus",NA,872,15,296,561
2020-05-03,"Georgia",NA,589,9,223,357
2020-05-03,"Kazakhstan",NA,3920,27,1084,2809
2020-05-03,"Kosovo",NA,851,22,381,448
2020-05-03,"Turkey",NA,126045,3397,63151,59497
2020-05-04,"Armenia",NA,2507,39,1071,1397
2020-05-04,"Azerbaijan",NA,1984,26,1480,478
2020-05-04,"Cyprus",NA,874,15,296,563
2020-05-04,"Georgia",NA,593,9,223,361
2020-05-04,"Kazakhstan",NA,4049,29,1173,2847
2020-05-04,"Kosovo",NA,855,26,403,426
2020-05-04,"Turkey",NA,127659,3461,68166,56032
2020-05-05,"Armenia",NA,2619,40,1111,1468
2020-05-05,"Azerbaijan",NA,2060,26,1508,526
2020-05-05,"Cyprus",NA,878,15,296,567
2020-05-05,"Georgia",NA,604,9,240,355
2020-05-05,"Kazakhstan",NA,4205,29,1279,2897
2020-05-05,"Kosovo",NA,856,26,490,340
2020-05-05,"Turkey",NA,129491,3520,73285,52686
2020-05-06,"Armenia",NA,2782,40,1135,1607
2020-05-06,"Azerbaijan",NA,2127,28,1536,563
2020-05-06,"Cyprus",NA,883,15,296,572
2020-05-06,"Georgia",NA,610,9,269,332
2020-05-06,"Kazakhstan",NA,4422,30,1408,2984
2020-05-06,"Kosovo",NA,856,26,490,340
2020-05-06,"Turkey",NA,131744,3584,78202,49958
2020-05-07,"Armenia",NA,2884,42,1185,1657
2020-05-07,"Azerbaijan",NA,2204,28,1551,625
2020-05-07,"Cyprus",NA,889,15,400,474
2020-05-07,"Georgia",NA,615,9,275,331
2020-05-07,"Kazakhstan",NA,4578,30,1518,3030
2020-05-07,"Kosovo",NA,861,27,562,272
2020-05-07,"Turkey",NA,133721,3641,82984,47096
2020-05-08,"Armenia",NA,3029,43,1218,1768
2020-05-08,"Azerbaijan",NA,2279,28,1576,675
2020-05-08,"Cyprus",NA,891,15,400,476
2020-05-08,"Georgia",NA,623,10,288,325
2020-05-08,"Kazakhstan",NA,4834,31,1631,3172
2020-05-08,"Kosovo",NA,861,27,562,272
2020-05-08,"Turkey",NA,135569,3689,86396,45484
2020-05-09,"Armenia",NA,3175,44,1267,1864
2020-05-09,"Azerbaijan",NA,2422,31,1620,771
2020-05-09,"Cyprus",NA,892,15,401,476
2020-05-09,"Georgia",NA,626,10,297,319
2020-05-09,"Kazakhstan",NA,4975,31,1776,3168
2020-05-09,"Kosovo",NA,862,28,622,212
2020-05-09,"Turkey",NA,137115,3739,89480,43896
2020-05-10,"Armenia",NA,3313,45,1325,1943
2020-05-10,"Azerbaijan",NA,2519,32,1650,837
2020-05-10,"Cyprus",NA,898,16,401,481
2020-05-10,"Georgia",NA,635,10,309,316
2020-05-10,"Kazakhstan",NA,5090,31,1941,3118
2020-05-10,"Kosovo",NA,870,28,653,189
2020-05-10,"Turkey",NA,138657,3786,92691,42180
2020-05-11,"Armenia",NA,3392,46,1359,1987
2020-05-11,"Azerbaijan",NA,2589,32,1680,877
2020-05-11,"Cyprus",NA,901,16,401,484
2020-05-11,"Georgia",NA,638,11,317,310
2020-05-11,"Kazakhstan",NA,5207,32,2074,3101
2020-05-11,"Kosovo",NA,884,28,655,201
2020-05-11,"Turkey",NA,139771,3841,95780,40150
2020-05-12,"Armenia",NA,3538,47,1430,2061
2020-05-12,"Azerbaijan",NA,2693,33,1680,980
2020-05-12,"Cyprus",NA,903,16,449,438
2020-05-12,"Georgia",NA,642,11,349,282
2020-05-12,"Kazakhstan",NA,5279,32,2223,3024
2020-05-12,"Kosovo",NA,919,29,671,219
2020-05-12,"Turkey",NA,141475,3894,98889,38692
2020-05-13,"Armenia",NA,3718,48,1500,2170
2020-05-13,"Azerbaijan",NA,2758,35,1789,934
2020-05-13,"Cyprus",NA,905,17,449,439
2020-05-13,"Georgia",NA,647,11,372,264
2020-05-13,"Kazakhstan",NA,5417,32,2408,2977
2020-05-13,"Kosovo",NA,919,29,671,219
2020-05-13,"Turkey",NA,143114,3952,101715,37447
2020-05-14,"Armenia",NA,3860,49,1572,2239
2020-05-14,"Azerbaijan",NA,2879,35,1833,1011
2020-05-14,"Cyprus",NA,907,17,481,409
2020-05-14,"Georgia",NA,667,12,383,272
2020-05-14,"Kazakhstan",NA,5571,32,2531,3008
2020-05-14,"Kosovo",NA,944,29,690,225
2020-05-14,"Turkey",NA,144749,4007,104030,36712
2020-05-15,"Armenia",NA,4044,52,1666,2326
2020-05-15,"Azerbaijan",NA,2980,36,1886,1058
2020-05-15,"Cyprus",NA,910,17,481,412
2020-05-15,"Georgia",NA,671,12,393,266
2020-05-15,"Kazakhstan",NA,5689,34,2707,2948
2020-05-15,"Kosovo",NA,944,29,690,225
2020-05-15,"Turkey",NA,146457,4055,106133,36269
2020-05-16,"Armenia",NA,4283,55,1791,2437
2020-05-16,"Azerbaijan",NA,3138,36,1944,1158
2020-05-16,"Cyprus",NA,914,17,515,382
2020-05-16,"Georgia",NA,683,12,419,252
2020-05-16,"Kazakhstan",NA,5850,34,2980,2836
2020-05-16,"Kosovo",NA,944,29,690,225
2020-05-16,"Turkey",NA,148067,4096,108137,35834
2020-05-17,"Armenia",NA,4472,60,1925,2487
2020-05-17,"Azerbaijan",NA,3274,39,2015,1220
2020-05-17,"Cyprus",NA,916,17,515,384
2020-05-17,"Georgia",NA,695,12,425,258
2020-05-17,"Kazakhstan",NA,6157,34,3256,2867
2020-05-17,"Kosovo",NA,955,29,691,235
2020-05-17,"Turkey",NA,149435,4140,109962,35333
2020-05-18,"Armenia",NA,4823,61,2019,2743
2020-05-18,"Azerbaijan",NA,3387,40,2055,1292
2020-05-18,"Cyprus",NA,917,17,515,385
2020-05-18,"Georgia",NA,701,12,432,257
2020-05-18,"Kazakhstan",NA,6751,35,3469,3247
2020-05-18,"Kosovo",NA,955,29,691,235
2020-05-18,"Turkey",NA,150593,4171,111577,34845
2020-05-19,"Armenia",NA,5041,64,2164,2813
2020-05-19,"Azerbaijan",NA,3518,41,2198,1279
2020-05-19,"Cyprus",NA,918,17,515,386
2020-05-19,"Georgia",NA,707,12,456,239
2020-05-19,"Kazakhstan",NA,6751,35,3598,3118
2020-05-19,"Kosovo",NA,989,29,769,191
2020-05-19,"Turkey",NA,151615,4199,112895,34521
2020-05-20,"Armenia",NA,5271,67,2419,2785
2020-05-20,"Azerbaijan",NA,3631,43,2253,1335
2020-05-20,"Cyprus",NA,922,17,516,389
2020-05-20,"Georgia",NA,713,12,475,226
2020-05-20,"Kazakhstan",NA,6969,35,3734,3200
2020-05-20,"Kosovo",NA,989,29,769,191
2020-05-20,"Turkey",NA,152587,4222,113987,34378
2020-05-21,"Armenia",NA,5606,70,2581,2955
2020-05-21,"Azerbaijan",NA,3749,44,2340,1365
2020-05-21,"Cyprus",NA,923,17,561,345
2020-05-21,"Georgia",NA,721,12,485,224
2020-05-21,"Kazakhstan",NA,7234,35,3843,3356
2020-05-21,"Kosovo",NA,1003,29,772,202
2020-05-21,"Turkey",NA,153548,4249,114990,34309
2020-05-22,"Armenia",NA,5928,74,2874,2980
2020-05-22,"Azerbaijan",NA,3855,46,2399,1410
2020-05-22,"Cyprus",NA,927,17,561,349
2020-05-22,"Georgia",NA,723,12,495,216
2020-05-22,"Kazakhstan",NA,7919,35,4096,3788
2020-05-22,"Kosovo",NA,1004,29,772,203
2020-05-22,"Turkey",NA,154500,4276,116111,34113
2020-05-23,"Armenia",NA,6302,77,2936,3289
2020-05-23,"Azerbaijan",NA,3982,49,2506,1427
2020-05-23,"Cyprus",NA,927,17,594,316
2020-05-23,"Georgia",NA,728,12,509,207
2020-05-23,"Kazakhstan",NA,7919,35,4214,3670
2020-05-23,"Kosovo",NA,1025,29,782,214
2020-05-23,"Turkey",NA,155686,4308,117602,33776
2020-05-24,"Armenia",NA,6661,81,3064,3516
2020-05-24,"Azerbaijan",NA,4122,49,2607,1466
2020-05-24,"Cyprus",NA,935,17,594,324
2020-05-24,"Georgia",NA,730,12,522,196
2020-05-24,"Kazakhstan",NA,8531,35,4352,4144
2020-05-24,"Kosovo",NA,1032,29,785,218
2020-05-24,"Turkey",NA,156827,4340,118694,33793
2020-05-25,"Armenia",NA,7113,87,3145,3881
2020-05-25,"Azerbaijan",NA,4271,51,2741,1479
2020-05-25,"Cyprus",NA,937,17,594,326
2020-05-25,"Georgia",NA,731,12,526,193
2020-05-25,"Kazakhstan",NA,8969,35,4515,4419
2020-05-25,"Kosovo",NA,1038,30,791,217
2020-05-25,"Turkey",NA,157814,4369,120015,33430
2020-05-26,"Armenia",NA,7402,91,3220,4091
2020-05-26,"Azerbaijan",NA,4403,52,2819,1532
2020-05-26,"Cyprus",NA,939,17,594,328
2020-05-26,"Georgia",NA,732,12,537,183
2020-05-26,"Kazakhstan",NA,8969,37,4613,4319
2020-05-26,"Kosovo",NA,1038,30,791,217
2020-05-26,"Turkey",NA,158762,4397,121507,32858
2020-05-27,"Armenia",NA,7774,98,3255,4421
2020-05-27,"Azerbaijan",NA,4568,54,2897,1617
2020-05-27,"Cyprus",NA,939,17,594,328
2020-05-27,"Georgia",NA,735,12,557,166
2020-05-27,"Kazakhstan",NA,9304,37,4768,4499
2020-05-27,"Kosovo",NA,1047,30,794,223
2020-05-27,"Turkey",NA,159797,4431,122793,32573
2020-05-28,"Armenia",NA,8216,113,3287,4816
2020-05-28,"Azerbaijan",NA,4759,56,3022,1681
2020-05-28,"Cyprus",NA,941,17,784,140
2020-05-28,"Georgia",NA,738,12,573,153
2020-05-28,"Kazakhstan",NA,9576,37,4900,4639
2020-05-28,"Kosovo",NA,1048,30,801,217
2020-05-28,"Turkey",NA,160979,4461,124369,32149
2020-05-29,"Armenia",NA,8676,120,3297,5259
2020-05-29,"Azerbaijan",NA,4989,58,3125,1806
2020-05-29,"Cyprus",NA,942,17,784,141
2020-05-29,"Georgia",NA,746,12,576,158
2020-05-29,"Kazakhstan",NA,9932,37,5057,4838
2020-05-29,"Kosovo",NA,1048,30,801,217
2020-05-29,"Turkey",NA,162120,4489,125963,31668
2020-05-30,"Armenia",NA,8927,127,3317,5483
2020-05-30,"Azerbaijan",NA,5246,61,3327,1858
2020-05-30,"Cyprus",NA,944,17,790,137
2020-05-30,"Georgia",NA,757,12,600,145
2020-05-30,"Kazakhstan",NA,10382,38,5220,5124
2020-05-30,"Kosovo",NA,1064,30,829,205
2020-05-30,"Turkey",NA,163103,4515,126984,31604
2020-05-31,"Armenia",NA,9282,131,3386,5765
2020-05-31,"Azerbaijan",NA,5494,63,3428,2003
2020-05-31,"Cyprus",NA,944,17,790,137
2020-05-31,"Georgia",NA,783,12,605,166
2020-05-31,"Kazakhstan",NA,10858,40,5404,5414
2020-05-31,"Kosovo",NA,1064,30,829,205
2020-05-31,"Turkey",NA,163942,4540,127973,31429
2020-06-01,"Armenia",NA,9492,139,3402,5951
2020-06-01,"Azerbaijan",NA,5662,68,3508,2086
2020-06-01,"Cyprus",NA,949,17,790,142
2020-06-01,"Georgia",NA,794,12,624,158
2020-06-01,"Kazakhstan",NA,11308,41,5587,5680
2020-06-01,"Kosovo",NA,1064,30,829,205
2020-06-01,"Turkey",NA,164769,4563,128947,31259
2020-06-02,"Armenia",NA,10009,158,3427,6424
2020-06-02,"Azerbaijan",NA,5935,71,3564,2300
2020-06-02,"Cyprus",NA,952,17,790,145
2020-06-02,"Georgia",NA,796,13,634,149
2020-06-02,"Kazakhstan",NA,11571,44,5941,5586
2020-06-02,"Kosovo",NA,1064,30,829,205
2020-06-02,"Turkey",NA,165555,4585,129921,31049
2020-06-03,"Armenia",NA,10524,170,3454,6900
2020-06-03,"Azerbaijan",NA,6260,76,3665,2519
2020-06-03,"Cyprus",NA,958,17,790,151
2020-06-03,"Georgia",NA,800,13,640,147
2020-06-03,"Kazakhstan",NA,12067,48,6240,5779
2020-06-03,"Kosovo",NA,1142,30,871,241
2020-06-03,"Turkey",NA,166422,4609,130852,30961
2020-06-04,"Armenia",NA,11221,176,3468,7577
2020-06-04,"Azerbaijan",NA,6522,78,3737,2707
2020-06-04,"Cyprus",NA,958,17,790,151
2020-06-04,"Georgia",NA,801,13,644,144
2020-06-04,"Kazakhstan",NA,12067,52,6606,5409
2020-06-04,"Kosovo",NA,1142,30,871,241
2020-06-04,"Turkey",NA,167410,4630,131778,31002
2020-06-05,"Armenia",NA,11817,183,3513,8121
2020-06-05,"Azerbaijan",NA,6860,82,3871,2907
2020-06-05,"Cyprus",NA,960,17,807,136
2020-06-05,"Georgia",NA,805,13,650,142
2020-06-05,"Kazakhstan",NA,12312,52,6903,5357
2020-06-05,"Kosovo",NA,1142,30,871,241
2020-06-05,"Turkey",NA,168340,4648,133400,30292
2020-06-06,"Armenia",NA,12364,190,3720,8454
2020-06-06,"Azerbaijan",NA,7239,84,4024,3131
2020-06-06,"Cyprus",NA,960,18,807,135
2020-06-06,"Georgia",NA,808,13,663,132
2020-06-06,"Kazakhstan",NA,12511,53,7135,5323
2020-06-06,"Kosovo",NA,1142,30,871,241
2020-06-06,"Turkey",NA,169218,4669,135322,29227
2020-06-07,"Armenia",NA,13130,200,4014,8916
2020-06-07,"Azerbaijan",NA,7553,88,4149,3316
2020-06-07,"Cyprus",NA,964,18,807,139
2020-06-07,"Georgia",NA,809,13,674,122
2020-06-07,"Kazakhstan",NA,12694,56,7376,5262
2020-06-07,"Kosovo",NA,1142,30,871,241
2020-06-07,"Turkey",NA,170132,4692,137969,27471
2020-06-08,"Armenia",NA,13325,211,4099,9015
2020-06-08,"Azerbaijan",NA,7876,93,4377,3406
2020-06-08,"Cyprus",NA,970,18,807,145
2020-06-08,"Georgia",NA,812,13,683,116
2020-06-08,"Kazakhstan",NA,12859,56,7376,5427
2020-06-08,"Kosovo",NA,1263,31,912,320
2020-06-08,"Turkey",NA,171121,4711,141380,25030
2020-06-09,"Armenia",NA,13675,217,4451,9007
2020-06-09,"Azerbaijan",NA,8191,98,4606,3487
2020-06-09,"Cyprus",NA,972,18,807,147
2020-06-09,"Georgia",NA,818,13,686,119
2020-06-09,"Kazakhstan",NA,13074,61,8015,4998
2020-06-09,"Kosovo",NA,1263,31,912,320
2020-06-09,"Turkey",NA,172114,4729,144598,22787
2020-06-10,"Armenia",NA,14103,227,5226,8650
2020-06-10,"Azerbaijan",NA,8530,102,4720,3708
2020-06-10,"Cyprus",NA,974,18,807,149
2020-06-10,"Georgia",NA,827,13,690,124
2020-06-10,"Kazakhstan",NA,13319,67,8345,4907
2020-06-10,"Kosovo",NA,1298,31,913,354
2020-06-10,"Turkey",NA,173036,4746,146839,21451
2020-06-11,"Armenia",NA,14669,245,5466,8958
2020-06-11,"Azerbaijan",NA,8882,108,4930,3844
2020-06-11,"Cyprus",NA,975,18,807,150
2020-06-11,"Georgia",NA,831,13,694,124
2020-06-11,"Kazakhstan",NA,13872,67,8593,5212
2020-06-11,"Kosovo",NA,1326,31,921,374
2020-06-11,"Turkey",NA,174023,4763,147860,21400
2020-06-12,"Armenia",NA,15281,258,5639,9384
2020-06-12,"Azerbaijan",NA,9218,113,5116,3989
2020-06-12,"Cyprus",NA,980,18,807,155
2020-06-12,"Georgia",NA,843,13,697,133
2020-06-12,"Kazakhstan",NA,13872,70,8829,4973
2020-06-12,"Kosovo",NA,1326,31,921,374
2020-06-12,"Turkey",NA,175218,4778,149102,21338
2020-06-13,"Armenia",NA,16004,264,6081,9659
2020-06-13,"Azerbaijan",NA,9570,115,5309,4146
2020-06-13,"Cyprus",NA,980,18,807,155
2020-06-13,"Georgia",NA,851,14,702,135
2020-06-13,"Kazakhstan",NA,14238,73,8829,5336
2020-06-13,"Kosovo",NA,1437,32,928,477
2020-06-13,"Turkey",NA,176677,4792,150087,21798
2020-06-14,"Armenia",NA,16667,269,6214,10184
2020-06-14,"Azerbaijan",NA,9957,119,5583,4255
2020-06-14,"Cyprus",NA,983,18,807,158
2020-06-14,"Georgia",NA,864,14,703,147
2020-06-14,"Kazakhstan",NA,14496,77,9188,5231
2020-06-14,"Kosovo",NA,1437,32,928,477
2020-06-14,"Turkey",NA,178239,4807,151417,22015
2020-06-15,"Armenia",NA,17064,285,6276,10503
2020-06-15,"Azerbaijan",NA,10324,122,5739,4463
2020-06-15,"Cyprus",NA,985,18,807,160
2020-06-15,"Georgia",NA,879,14,704,161
2020-06-15,"Kazakhstan",NA,15192,81,9388,5723
2020-06-15,"Kosovo",NA,1486,33,953,500
2020-06-15,"Turkey",NA,179831,4825,152364,22642
2020-06-16,"Armenia",NA,17489,293,6571,10625
2020-06-16,"Azerbaijan",NA,10662,126,5948,4588
2020-06-16,"Cyprus",NA,985,18,816,151
2020-06-16,"Georgia",NA,879,14,724,141
2020-06-16,"Kazakhstan",NA,15542,88,9647,5807
2020-06-16,"Kosovo",NA,1486,33,953,500
2020-06-16,"Turkey",NA,181298,4842,153379,23077
2020-06-17,"Armenia",NA,18033,302,6814,10917
2020-06-17,"Azerbaijan",NA,10991,133,6075,4783
2020-06-17,"Cyprus",NA,985,18,816,151
2020-06-17,"Georgia",NA,888,14,731,143
2020-06-17,"Kazakhstan",NA,15877,97,9920,5860
2020-06-17,"Kosovo",NA,1486,33,953,500
2020-06-17,"Turkey",NA,182727,4861,154640,23226
2020-06-18,"Armenia",NA,18698,309,7560,10829
2020-06-18,"Azerbaijan",NA,11329,139,6192,4998
2020-06-18,"Cyprus",NA,985,19,818,148
2020-06-18,"Georgia",NA,893,14,739,140
2020-06-18,"Kazakhstan",NA,15877,100,10065,5712
2020-06-18,"Kosovo",NA,1486,33,953,500
2020-06-18,"Turkey",NA,184031,4882,156022,23127
2020-06-19,"Armenia",NA,19157,319,8266,10572
2020-06-19,"Azerbaijan",NA,11767,143,6325,5299
2020-06-19,"Cyprus",NA,985,19,818,148
2020-06-19,"Georgia",NA,896,14,741,141
2020-06-19,"Kazakhstan",NA,16779,113,10411,6255
2020-06-19,"Kosovo",NA,1486,33,953,500
2020-06-19,"Turkey",NA,185245,4905,157516,22824
2020-06-20,"Armenia",NA,19708,332,8854,10522
2020-06-20,"Azerbaijan",NA,12238,148,6516,5574
2020-06-20,"Cyprus",NA,985,19,824,142
2020-06-20,"Georgia",NA,898,14,752,132
2020-06-20,"Kazakhstan",NA,17225,118,10671,6436
2020-06-20,"Kosovo",NA,1486,33,953,500
2020-06-20,"Turkey",NA,186493,4927,158828,22738
2020-06-21,"Armenia",NA,20268,350,9002,10916
2020-06-21,"Azerbaijan",NA,12729,154,6799,5776
2020-06-21,"Cyprus",NA,986,19,824,143
2020-06-21,"Georgia",NA,906,14,755,137
2020-06-21,"Kazakhstan",NA,17732,120,10897,6715
2020-06-21,"Kosovo",NA,1486,33,953,500
2020-06-21,"Turkey",NA,187685,4950,160240,22495
2020-06-22,"Armenia",NA,20588,360,9131,11097
2020-06-22,"Azerbaijan",NA,13207,161,7168,5878
2020-06-22,"Cyprus",NA,988,19,824,145
2020-06-22,"Georgia",NA,908,14,761,133
2020-06-22,"Kazakhstan",NA,18231,127,11158,6946
2020-06-22,"Kosovo",NA,2169,37,1047,1085
2020-06-22,"Turkey",NA,188897,4974,161533,22390
2020-06-23,"Armenia",NA,21006,372,10144,10490
2020-06-23,"Azerbaijan",NA,13715,167,7503,6045
2020-06-23,"Cyprus",NA,990,19,824,147
2020-06-23,"Georgia",NA,911,14,768,129
2020-06-23,"Kazakhstan",NA,18765,134,11514,7117
2020-06-23,"Kosovo",NA,2169,37,1047,1085
2020-06-23,"Turkey",NA,190165,5001,162848,22316
2020-06-24,"Armenia",NA,21717,386,10797,10534
2020-06-24,"Azerbaijan",NA,14305,174,7768,6363
2020-06-24,"Cyprus",NA,991,19,824,148
2020-06-24,"Georgia",NA,914,14,771,129
2020-06-24,"Kazakhstan",NA,19285,136,11882,7267
2020-06-24,"Kosovo",NA,2169,37,1047,1085
2020-06-24,"Turkey",NA,191657,5025,164234,22398
2020-06-25,"Armenia",NA,22488,397,11335,10756
2020-06-25,"Azerbaijan",NA,14852,180,8059,6613
2020-06-25,"Cyprus",NA,992,19,824,149
2020-06-25,"Georgia",NA,917,14,776,127
2020-06-25,"Kazakhstan",NA,19750,140,12220,7390
2020-06-25,"Kosovo",NA,2169,37,1047,1085
2020-06-25,"Turkey",NA,193115,5046,165706,22363
2020-06-26,"Armenia",NA,23247,410,12149,10688
2020-06-26,"Azerbaijan",NA,15369,187,8364,6818
2020-06-26,"Cyprus",NA,992,19,824,149
2020-06-26,"Georgia",NA,919,14,780,125
2020-06-26,"Kazakhstan",NA,20319,150,12548,7621
2020-06-26,"Kosovo",NA,2169,37,1047,1085
2020-06-26,"Turkey",NA,194511,5065,167198,22248
2020-06-27,"Armenia",NA,23909,421,12911,10577
2020-06-27,"Azerbaijan",NA,15890,193,8719,6978
2020-06-27,"Cyprus",NA,994,19,824,151
2020-06-27,"Georgia",NA,921,14,781,126
2020-06-27,"Kazakhstan",NA,20319,166,12738,7415
2020-06-27,"Kosovo",NA,2169,37,1047,1085
2020-06-27,"Turkey",NA,195883,5082,169182,21619
2020-06-28,"Armenia",NA,24645,426,13116,11103
2020-06-28,"Azerbaijan",NA,16424,198,9026,7200
2020-06-28,"Cyprus",NA,994,19,833,142
2020-06-28,"Georgia",NA,924,15,785,124
2020-06-28,"Kazakhstan",NA,21327,178,12933,8216
2020-06-28,"Kosovo",NA,2169,37,1047,1085
2020-06-28,"Turkey",NA,197239,5097,170595,21547
2020-06-29,"Armenia",NA,25127,433,13297,11397
2020-06-29,"Azerbaijan",NA,16968,206,9369,7393
2020-06-29,"Cyprus",NA,996,19,833,144
2020-06-29,"Georgia",NA,926,15,791,120
2020-06-29,"Kazakhstan",NA,21819,188,13008,8623
2020-06-29,"Kosovo",NA,2677,49,1425,1203
2020-06-29,"Turkey",NA,198613,5115,171809,21689
2020-06-30,"Armenia",NA,25542,443,14048,11051
2020-06-30,"Azerbaijan",NA,17524,213,9715,7596
2020-06-30,"Cyprus",NA,998,19,833,146
2020-06-30,"Georgia",NA,928,15,794,119
2020-06-30,"Kazakhstan",NA,22308,188,13558,8562
2020-06-30,"Kosovo",NA,2878,51,1577,1250
2020-06-30,"Turkey",NA,199906,5131,173111,21664
2020-07-01,"Armenia",NA,26065,453,14563,11049
2020-07-01,"Azerbaijan",NA,18112,220,10061,7831
2020-07-01,"Cyprus",NA,999,19,833,147
2020-07-01,"Georgia",NA,931,15,794,122
2020-07-01,"Kazakhstan",NA,42574,188,25319,17067
2020-07-01,"Kosovo",NA,2991,54,1644,1293
2020-07-01,"Turkey",NA,201098,5150,175422,20526
2020-07-02,"Armenia",NA,26658,459,15036,11163
2020-07-02,"Azerbaijan",NA,18684,228,10425,8031
2020-07-02,"Cyprus",NA,999,19,833,147
2020-07-02,"Georgia",NA,939,15,817,107
2020-07-02,"Kazakhstan",NA,42574,188,14777,27609
2020-07-02,"Kosovo",NA,3064,55,1707,1302
2020-07-02,"Turkey",NA,202284,5167,176965,20152
2020-07-03,"Armenia",NA,27320,469,15484,11367
2020-07-03,"Azerbaijan",NA,19267,235,10820,8212
2020-07-03,"Cyprus",NA,999,19,839,141
2020-07-03,"Georgia",NA,943,15,821,107
2020-07-03,"Kazakhstan",NA,45719,188,15276,30255
2020-07-03,"Kosovo",NA,3064,55,1707,1302
2020-07-03,"Turkey",NA,203456,5186,178278,19992
2020-07-04,"Armenia",NA,27900,477,15935,11488
2020-07-04,"Azerbaijan",NA,19801,241,11291,8269
2020-07-04,"Cyprus",NA,1002,19,839,144
2020-07-04,"Georgia",NA,948,15,825,108
2020-07-04,"Kazakhstan",NA,47171,188,15556,31427
2020-07-04,"Kosovo",NA,3064,55,1707,1302
2020-07-04,"Turkey",NA,204610,5206,179492,19912
2020-07-05,"Armenia",NA,28606,484,16140,11982
2020-07-05,"Azerbaijan",NA,20324,250,11742,8332
2020-07-05,"Cyprus",NA,1003,19,839,145
2020-07-05,"Georgia",NA,951,15,828,108
2020-07-05,"Kazakhstan",NA,48574,188,15860,32526
2020-07-05,"Kosovo",NA,3356,66,1874,1416
2020-07-05,"Turkey",NA,205758,5225,180680,19853
2020-07-06,"Armenia",NA,28936,491,16302,12143
2020-07-06,"Azerbaijan",NA,20837,258,12182,8397
2020-07-06,"Cyprus",NA,1004,19,839,146
2020-07-06,"Georgia",NA,953,15,830,108
2020-07-06,"Kazakhstan",NA,49683,264,15860,33559
2020-07-06,"Kosovo",NA,3508,75,1902,1531
2020-07-06,"Turkey",NA,206844,5241,182995,18608
2020-07-07,"Armenia",NA,29285,503,16907,11875
2020-07-07,"Azerbaijan",NA,21374,265,12635,8474
2020-07-07,"Cyprus",NA,1005,19,839,147
2020-07-07,"Georgia",NA,958,15,838,105
2020-07-07,"Kazakhstan",NA,51059,264,16298,34497
2020-07-07,"Kosovo",NA,3703,79,1946,1678
2020-07-07,"Turkey",NA,207897,5260,185292,17345
2020-07-08,"Armenia",NA,29820,521,17427,11872
2020-07-08,"Azerbaijan",NA,21916,274,13100,8542
2020-07-08,"Cyprus",NA,1008,19,839,150
2020-07-08,"Georgia",NA,963,15,841,107
2020-07-08,"Kazakhstan",NA,51059,264,16298,34497
2020-07-08,"Kosovo",NA,3886,82,2003,1801
2020-07-08,"Turkey",NA,208938,5282,187511,16145
2020-07-09,"Armenia",NA,30346,535,18000,11811
2020-07-09,"Azerbaijan",NA,22464,284,13591,8589
2020-07-09,"Cyprus",NA,1010,19,839,152
2020-07-09,"Georgia",NA,968,15,844,109
2020-07-09,"Kazakhstan",NA,54747,264,35137,19346
2020-07-09,"Kosovo",NA,4100,86,2063,1951
2020-07-09,"Turkey",NA,209962,5300,190390,14272
2020-07-10,"Armenia",NA,30903,546,18709,11648
2020-07-10,"Azerbaijan",NA,22990,292,14093,8605
2020-07-10,"Cyprus",NA,1013,19,839,155
2020-07-10,"Georgia",NA,973,15,846,112
2020-07-10,"Kazakhstan",NA,56455,264,32500,23691
2020-07-10,"Kosovo",NA,4307,94,2095,2118
2020-07-10,"Turkey",NA,210965,5323,191883,13759
2020-07-11,"Armenia",NA,31392,559,19419,11414
2020-07-11,"Azerbaijan",NA,23521,298,14607,8616
2020-07-11,"Cyprus",NA,1014,19,839,156
2020-07-11,"Georgia",NA,981,15,851,115
2020-07-11,"Kazakhstan",NA,58253,264,33814,24175
2020-07-11,"Kosovo",NA,4715,101,2227,2387
2020-07-11,"Turkey",NA,211981,5344,193217,13420
2020-07-12,"Armenia",NA,31969,565,19633,11771
2020-07-12,"Azerbaijan",NA,24041,306,15093,8642
2020-07-12,"Cyprus",NA,1021,19,839,163
2020-07-12,"Georgia",NA,986,15,857,114
2020-07-12,"Kazakhstan",NA,58253,375,33814,24064
2020-07-12,"Kosovo",NA,4931,102,2267,2562
2020-07-12,"Turkey",NA,212993,5363,194515,13115
2020-07-13,"Armenia",NA,32151,573,19865,11713
2020-07-13,"Azerbaijan",NA,24570,313,15640,8617
2020-07-13,"Cyprus",NA,1022,19,839,164
2020-07-13,"Georgia",NA,995,15,857,123
2020-07-13,"Kazakhstan",NA,61755,375,35911,25469
2020-07-13,"Kosovo",NA,5118,108,2370,2640
2020-07-13,"Turkey",NA,214001,5382,195671,12948
2020-07-14,"Armenia",NA,32490,581,20729,11180
2020-07-14,"Azerbaijan",NA,25113,319,16150,8644
2020-07-14,"Cyprus",NA,1023,19,839,165
2020-07-14,"Georgia",NA,999,15,870,114
2020-07-14,"Kazakhstan",NA,63514,375,38008,25131
2020-07-14,"Kosovo",NA,5118,108,2370,2640
2020-07-14,"Turkey",NA,214993,5402,196720,12871
2020-07-15,"Armenia",NA,33005,592,21348,11065
2020-07-15,"Azerbaijan",NA,25672,326,16695,8651
2020-07-15,"Cyprus",NA,1025,19,839,167
2020-07-15,"Georgia",NA,1004,15,873,116
2020-07-15,"Kazakhstan",NA,65188,375,39066,25747
2020-07-15,"Kosovo",NA,5237,112,2462,2663
2020-07-15,"Turkey",NA,215940,5419,197733,12788
2020-07-16,"Armenia",NA,33559,607,21931,11021
2020-07-16,"Azerbaijan",NA,26165,334,17256,8575
2020-07-16,"Cyprus",NA,1031,19,845,167
2020-07-16,"Georgia",NA,1006,15,883,108
2020-07-16,"Kazakhstan",NA,66895,375,40256,26264
2020-07-16,"Kosovo",NA,5237,112,2462,2663
2020-07-16,"Turkey",NA,216873,5440,198820,12613
2020-07-17,"Armenia",NA,34001,620,22492,10889
2020-07-17,"Azerbaijan",NA,26636,341,17805,8490
2020-07-17,"Cyprus",NA,1033,19,845,169
2020-07-17,"Georgia",NA,1010,15,885,110
2020-07-17,"Kazakhstan",NA,68703,375,40256,28072
2020-07-17,"Kosovo",NA,5472,124,2640,2708
2020-07-17,"Turkey",NA,217799,5458,199834,12507
2020-07-18,"Armenia",NA,34462,631,23123,10708
2020-07-18,"Azerbaijan",NA,27133,349,18450,8334
2020-07-18,"Cyprus",NA,1037,19,845,173
2020-07-18,"Georgia",NA,1018,15,895,108
2020-07-18,"Kazakhstan",NA,68703,375,40256,28072
2020-07-18,"Kosovo",NA,5617,130,2811,2676
2020-07-18,"Turkey",NA,218717,5475,201013,12229
2020-07-19,"Armenia",NA,34877,641,23294,10942
2020-07-19,"Azerbaijan",NA,27521,354,18967,8200
2020-07-19,"Cyprus",NA,1038,19,845,174
2020-07-19,"Georgia",NA,1028,15,899,114
2020-07-19,"Kazakhstan",NA,71838,375,43029,28434
2020-07-19,"Kosovo",NA,5735,135,2968,2632
2020-07-19,"Turkey",NA,219641,5491,202010,12140
2020-07-20,"Armenia",NA,34981,650,23502,10829
2020-07-20,"Azerbaijan",NA,27890,363,19490,8037
2020-07-20,"Cyprus",NA,1038,19,847,172
2020-07-20,"Georgia",NA,1039,16,900,123
2020-07-20,"Kazakhstan",NA,73468,585,43401,29482
2020-07-20,"Kosovo",NA,5877,139,3069,2669
2020-07-20,"Turkey",NA,220572,5508,203002,12062
2020-07-21,"Armenia",NA,35254,662,24206,10386
2020-07-21,"Azerbaijan",NA,28242,376,19939,7927
2020-07-21,"Cyprus",NA,1040,19,847,174
2020-07-21,"Georgia",NA,1049,16,903,130
2020-07-21,"Kazakhstan",NA,75153,585,46790,27778
2020-07-21,"Kosovo",NA,5877,139,3069,2669
2020-07-21,"Turkey",NA,221500,5526,204011,11963
2020-07-22,"Armenia",NA,35693,678,24766,10249
2020-07-22,"Azerbaijan",NA,28633,385,20443,7805
2020-07-22,"Cyprus",NA,1040,19,847,174
2020-07-22,"Georgia",NA,1073,16,907,150
2020-07-22,"Kazakhstan",NA,76799,585,48220,27994
2020-07-22,"Kosovo",NA,6286,150,3369,2767
2020-07-22,"Turkey",NA,222402,5545,205214,11643
2020-07-23,"Armenia",NA,36162,688,25244,10230
2020-07-23,"Azerbaijan",NA,28980,391,20974,7615
2020-07-23,"Cyprus",NA,1045,19,847,179
2020-07-23,"Georgia",NA,1085,16,911,158
2020-07-23,"Kazakhstan",NA,78486,585,49488,28413
2020-07-23,"Kosovo",NA,6467,158,3505,2804
2020-07-23,"Turkey",NA,223315,5563,206365,11387
2020-07-24,"Armenia",NA,36613,692,25734,10187
2020-07-24,"Azerbaijan",NA,29312,400,21547,7365
2020-07-24,"Cyprus",NA,1047,19,847,181
2020-07-24,"Georgia",NA,1104,16,912,176
2020-07-24,"Kazakhstan",NA,80226,585,51260,28381
2020-07-24,"Kosovo",NA,6680,164,3614,2902
2020-07-24,"Turkey",NA,224252,5580,207374,11298
2020-07-25,"Armenia",NA,36996,700,26243,10053
2020-07-25,"Azerbaijan",NA,29633,408,22082,7143
2020-07-25,"Cyprus",NA,1053,19,852,182
2020-07-25,"Georgia",NA,1117,16,917,184
2020-07-25,"Kazakhstan",NA,81720,585,51823,29312
2020-07-25,"Kosovo",NA,6917,169,3753,2995
2020-07-25,"Turkey",NA,225173,5596,208477,11100
2020-07-26,"Armenia",NA,37317,705,26478,10134
2020-07-26,"Azerbaijan",NA,30050,417,22684,6949
2020-07-26,"Cyprus",NA,1057,19,852,186
2020-07-26,"Georgia",NA,1131,16,920,195
2020-07-26,"Kazakhstan",NA,83122,585,52571,29966
2020-07-26,"Kosovo",NA,6917,169,3753,2995
2020-07-26,"Turkey",NA,226100,5613,209487,11000
2020-07-27,"Armenia",NA,37390,711,26665,10014
2020-07-27,"Azerbaijan",NA,30446,423,23242,6781
2020-07-27,"Cyprus",NA,1060,19,852,189
2020-07-27,"Georgia",NA,1137,16,922,199
2020-07-27,"Kazakhstan",NA,84648,585,54404,29659
2020-07-27,"Kosovo",NA,7413,185,4027,3201
2020-07-27,"Turkey",NA,227019,5630,210469,10920
2020-07-28,"Armenia",NA,37629,719,27357,9553
2020-07-28,"Azerbaijan",NA,30858,430,23873,6555
2020-07-28,"Cyprus",NA,1067,19,852,196
2020-07-28,"Georgia",NA,1145,16,927,202
2020-07-28,"Kazakhstan",NA,86192,793,56638,28761
2020-07-28,"Kosovo",NA,7652,192,4129,3331
2020-07-28,"Turkey",NA,227982,5645,211561,10776
2020-07-29,"Armenia",NA,37937,723,27824,9390
2020-07-29,"Azerbaijan",NA,31221,438,24495,6288
2020-07-29,"Cyprus",NA,1080,19,852,209
2020-07-29,"Georgia",NA,1155,17,929,209
2020-07-29,"Kazakhstan",NA,87664,793,57815,29056
2020-07-29,"Kosovo",NA,7846,196,4267,3383
2020-07-29,"Turkey",NA,228924,5659,212557,10708
2020-07-30,"Armenia",NA,38196,728,28366,9102
2020-07-30,"Azerbaijan",NA,31560,441,25168,5951
2020-07-30,"Cyprus",NA,1090,19,852,219
2020-07-30,"Georgia",NA,1160,17,935,208
2020-07-30,"Kazakhstan",NA,89078,793,59517,28768
2020-07-30,"Kosovo",NA,8104,212,4463,3429
2020-07-30,"Turkey",NA,229891,5674,213539,10678
2020-07-31,"Armenia",NA,38550,738,28997,8815
2020-07-31,"Azerbaijan",NA,31878,448,25882,5548
2020-07-31,"Cyprus",NA,1114,19,852,243
2020-07-31,"Georgia",NA,1168,17,940,211
2020-07-31,"Kazakhstan",NA,90367,793,60825,28749
2020-07-31,"Kosovo",NA,8104,212,4463,3429
2020-07-31,"Turkey",NA,230873,5691,214535,10647
2020-08-01,"Armenia",NA,38841,749,29557,8535
2020-08-01,"Azerbaijan",NA,32157,454,26474,5229
2020-08-01,"Cyprus",NA,1124,19,852,253
2020-08-01,"Georgia",NA,1171,17,947,207
2020-08-01,"Kazakhstan",NA,90367,793,60825,28749
2020-08-01,"Kosovo",NA,8104,212,4463,3429
2020-08-01,"Turkey",NA,231869,5710,215516,10643
2020-08-02,"Armenia",NA,39050,754,29750,8546
2020-08-02,"Azerbaijan",NA,32443,462,27113,4868
2020-08-02,"Cyprus",NA,1150,19,856,275
2020-08-02,"Georgia",NA,1177,17,955,205
2020-08-02,"Kazakhstan",NA,92662,793,62511,29358
2020-08-02,"Kosovo",NA,8799,249,4863,3687
2020-08-02,"Turkey",NA,232856,5728,216494,10634
2020-08-03,"Armenia",NA,39102,762,29861,8479
2020-08-03,"Azerbaijan",NA,32684,468,27760,4456
2020-08-03,"Cyprus",NA,1155,19,856,280
2020-08-03,"Georgia",NA,1179,17,959,203
2020-08-03,"Kazakhstan",NA,93820,793,65132,27895
2020-08-03,"Kosovo",NA,9049,256,4989,3804
2020-08-03,"Turkey",NA,233851,5747,217497,10607
2020-08-04,"Armenia",NA,39298,768,30372,8158
2020-08-04,"Azerbaijan",NA,32910,473,28348,4089
2020-08-04,"Cyprus",NA,1180,19,856,305
2020-08-04,"Georgia",NA,1182,17,962,203
2020-08-04,"Kazakhstan",NA,94882,1058,67031,26793
2020-08-04,"Kosovo",NA,9274,296,5190,3788
2020-08-04,"Turkey",NA,234934,5765,218491,10678
2020-08-05,"Armenia",NA,39586,770,30850,7966
2020-08-05,"Azerbaijan",NA,33103,476,28840,3787
2020-08-05,"Cyprus",NA,1195,19,856,320
2020-08-05,"Georgia",NA,1197,17,974,206
2020-08-05,"Kazakhstan",NA,95942,1058,68871,26013
2020-08-05,"Kosovo",NA,9274,296,5190,3788
2020-08-05,"Turkey",NA,236112,5784,219506,10822
2020-08-06,"Armenia",NA,39819,772,31556,7491
2020-08-06,"Azerbaijan",NA,33247,479,29275,3493
2020-08-06,"Cyprus",NA,1208,19,856,333
2020-08-06,"Georgia",NA,1206,17,987,202
2020-08-06,"Kazakhstan",NA,96922,1058,70680,25184
2020-08-06,"Kosovo",NA,9688,300,5480,3908
2020-08-06,"Turkey",NA,237265,5798,220546,10921
2020-08-07,"Armenia",NA,39985,777,32008,7200
2020-08-07,"Azerbaijan",NA,33376,483,29696,3197
2020-08-07,"Cyprus",NA,1222,19,856,347
2020-08-07,"Georgia",NA,1213,17,994,202
2020-08-07,"Kazakhstan",NA,97829,1058,71609,25162
2020-08-07,"Kosovo",NA,9869,303,5480,4086
2020-08-07,"Turkey",NA,238450,5813,221574,11063
2020-08-08,"Armenia",NA,40185,785,32395,7005
2020-08-08,"Azerbaijan",NA,33481,488,30056,2937
2020-08-08,"Cyprus",NA,1233,19,856,358
2020-08-08,"Georgia",NA,1216,17,996,203
2020-08-08,"Kazakhstan",NA,98701,1058,72273,25370
2020-08-08,"Kosovo",NA,9869,303,5480,4086
2020-08-08,"Turkey",NA,239622,5829,222656,11137
2020-08-09,"Armenia",NA,40410,791,32520,7099
2020-08-09,"Azerbaijan",NA,33568,490,30364,2714
2020-08-09,"Cyprus",NA,1242,19,870,353
2020-08-09,"Georgia",NA,1225,17,1000,208
2020-08-09,"Kazakhstan",NA,99442,1058,72523,25861
2020-08-09,"Kosovo",NA,9869,303,5480,4086
2020-08-09,"Turkey",NA,240804,5844,223759,11201
2020-08-10,"Armenia",NA,40433,796,32616,7021
2020-08-10,"Azerbaijan",NA,33647,492,30642,2513
2020-08-10,"Cyprus",NA,1252,19,870,363
2020-08-10,"Georgia",NA,1250,17,1010,223
2020-08-10,"Kazakhstan",NA,100164,1058,73702,25404
2020-08-10,"Kosovo",NA,10419,341,6058,4020
2020-08-10,"Turkey",NA,241997,5858,224970,11169
2020-08-11,"Armenia",NA,40593,803,33157,6633
2020-08-11,"Azerbaijan",NA,33731,495,30856,2380
2020-08-11,"Cyprus",NA,1277,20,870,387
2020-08-11,"Georgia",NA,1264,17,1054,193
2020-08-11,"Kazakhstan",NA,100855,1269,74677,24909
2020-08-11,"Kosovo",NA,10419,341,6058,4020
2020-08-11,"Turkey",NA,243180,5873,226155,11152
2020-08-12,"Armenia",NA,40794,806,33492,6496
2020-08-12,"Azerbaijan",NA,33824,497,31058,2269
2020-08-12,"Cyprus",NA,1291,20,870,401
2020-08-12,"Georgia",NA,1278,17,1058,203
2020-08-12,"Kazakhstan",NA,101372,1269,76756,23347
2020-08-12,"Kosovo",NA,10419,341,6058,4020
2020-08-12,"Turkey",NA,244392,5891,227089,11412
2020-08-13,"Armenia",NA,41023,809,33897,6317
2020-08-13,"Azerbaijan",NA,33915,500,31269,2146
2020-08-13,"Cyprus",NA,1305,20,870,415
2020-08-13,"Georgia",NA,1283,17,1068,198
2020-08-13,"Kazakhstan",NA,101848,1269,76756,23823
2020-08-13,"Kosovo",NA,10795,365,6411,4019
2020-08-13,"Turkey",NA,245635,5912,228057,11666
2020-08-14,"Armenia",NA,41299,814,34164,6321
2020-08-14,"Azerbaijan",NA,34018,504,31490,2024
2020-08-14,"Cyprus",NA,1318,20,870,428
2020-08-14,"Georgia",NA,1306,17,1085,204
2020-08-14,"Kazakhstan",NA,102287,1269,80716,20302
2020-08-14,"Kosovo",NA,11130,381,6817,3932
2020-08-14,"Turkey",NA,246861,5934,228980,11947
2020-08-15,"Armenia",NA,41495,817,34484,6194
2020-08-15,"Azerbaijan",NA,34107,506,31697,1904
2020-08-15,"Cyprus",NA,1332,20,870,442
2020-08-15,"Georgia",NA,1321,17,1088,216
2020-08-15,"Kazakhstan",NA,102696,1269,81558,19869
2020-08-15,"Kosovo",NA,11275,390,6961,3924
2020-08-15,"Turkey",NA,248117,5955,229972,12190
2020-08-16,"Armenia",NA,41663,818,34584,6261
2020-08-16,"Azerbaijan",NA,34219,506,31875,1838
2020-08-16,"Cyprus",NA,1339,20,870,449
2020-08-16,"Georgia",NA,1336,17,1088,231
2020-08-16,"Kazakhstan",NA,103033,1269,82777,18987
2020-08-16,"Kosovo",NA,11275,390,6961,3924
2020-08-16,"Turkey",NA,249309,5974,230969,12366
2020-08-17,"Armenia",NA,41701,824,34655,6222
2020-08-17,"Azerbaijan",NA,34343,508,32042,1793
2020-08-17,"Cyprus",NA,1351,20,870,461
2020-08-17,"Georgia",NA,1341,17,1092,232
2020-08-17,"Kazakhstan",NA,103300,1269,84445,17586
2020-08-17,"Kosovo",NA,11275,390,6961,3924
2020-08-17,"Turkey",NA,250542,5996,231971,12575
2020-08-18,"Armenia",NA,41846,832,34982,6032
2020-08-18,"Azerbaijan",NA,34474,509,32201,1764
2020-08-18,"Cyprus",NA,1359,20,878,461
2020-08-18,"Georgia",NA,1351,17,1092,242
2020-08-18,"Kazakhstan",NA,103571,1415,86286,15870
2020-08-18,"Kosovo",NA,11545,390,7343,3812
2020-08-18,"Turkey",NA,251805,6016,232913,12876
2020-08-19,"Armenia",NA,42056,833,35226,5997
2020-08-19,"Azerbaijan",NA,34620,510,32363,1747
2020-08-19,"Cyprus",NA,1385,20,878,487
2020-08-19,"Georgia",NA,1361,17,1098,246
2020-08-19,"Kazakhstan",NA,103815,1415,86450,15950
2020-08-19,"Kosovo",NA,11545,390,7343,3812
2020-08-19,"Turkey",NA,253108,6039,233915,13154
2020-08-20,"Armenia",NA,42319,836,35476,6007
2020-08-20,"Azerbaijan",NA,34759,510,32511,1738
2020-08-20,"Cyprus",NA,1395,20,878,497
2020-08-20,"Georgia",NA,1370,17,1108,245
2020-08-20,"Kazakhstan",NA,104071,1415,87920,14736
2020-08-20,"Kosovo",NA,11545,390,7343,3812
2020-08-20,"Turkey",NA,254520,6058,234797,13665
2020-08-21,"Armenia",NA,42477,842,35693,5942
2020-08-21,"Azerbaijan",NA,34921,512,32682,1727
2020-08-21,"Cyprus",NA,1406,20,878,508
2020-08-21,"Georgia",NA,1385,17,1128,240
2020-08-21,"Kazakhstan",NA,104313,1415,89712,13186
2020-08-21,"Kosovo",NA,12168,448,8149,3571
2020-08-21,"Turkey",NA,255723,6080,235569,14074
2020-08-22,"Armenia",NA,42616,850,35907,5859
2020-08-22,"Azerbaijan",NA,35105,515,32842,1748
2020-08-22,"Cyprus",NA,1417,20,878,519
2020-08-22,"Georgia",NA,1394,17,1132,245
2020-08-22,"Kazakhstan",NA,104543,1415,91089,12039
2020-08-22,"Kosovo",NA,12168,448,8149,3571
2020-08-22,"Turkey",NA,257032,6102,236370,14560
2020-08-23,"Armenia",NA,42792,852,35991,5949
2020-08-23,"Azerbaijan",NA,35274,518,32993,1763
2020-08-23,"Cyprus",NA,1421,20,878,523
2020-08-23,"Georgia",NA,1411,17,1132,262
2020-08-23,"Kazakhstan",NA,104718,1415,92598,10705
2020-08-23,"Kosovo",NA,12448,467,8505,3476
2020-08-23,"Turkey",NA,258249,6121,237165,14963
2020-08-24,"Armenia",NA,42825,854,36049,5922
2020-08-24,"Azerbaijan",NA,35426,519,33104,1803
2020-08-24,"Cyprus",NA,1451,20,878,553
2020-08-24,"Georgia",NA,1421,18,1137,266
2020-08-24,"Kazakhstan",NA,104902,1415,93405,10082
2020-08-24,"Kosovo",NA,12448,467,8505,3476
2020-08-24,"Turkey",NA,259692,6139,237908,15645
2020-08-25,"Armenia",NA,42936,858,36475,5603
2020-08-25,"Azerbaijan",NA,35559,521,33190,1848
2020-08-25,"Cyprus",NA,1474,20,935,519
2020-08-25,"Georgia",NA,1429,19,1150,260
2020-08-25,"Kazakhstan",NA,105075,1523,93990,9562
2020-08-25,"Kosovo",NA,12683,488,8788,3407
2020-08-25,"Turkey",NA,261194,6163,238795,16236
2020-08-26,"Armenia",NA,43067,861,36726,5480
2020-08-26,"Azerbaijan",NA,35707,522,33281,1904
2020-08-26,"Cyprus",NA,1484,20,935,529
2020-08-26,"Georgia",NA,1436,19,1150,267
2020-08-26,"Kazakhstan",NA,105243,1523,94713,9007
2020-08-26,"Kosovo",NA,12683,488,8788,3407
2020-08-26,"Turkey",NA,262507,6183,239797,16527
2020-08-27,"Armenia",NA,43270,864,36988,5418
2020-08-27,"Azerbaijan",NA,35844,524,33364,1956
2020-08-27,"Cyprus",NA,1467,20,935,512
2020-08-27,"Georgia",NA,1447,19,1190,238
2020-08-27,"Kazakhstan",NA,105408,1523,95253,8632
2020-08-27,"Kosovo",NA,12683,488,8788,3407
2020-08-27,"Turkey",NA,263998,6209,240792,16997
2020-08-28,"Armenia",NA,43451,869,37264,5318
2020-08-28,"Azerbaijan",NA,35986,527,33461,1998
2020-08-28,"Cyprus",NA,1481,20,935,526
2020-08-28,"Georgia",NA,1455,19,1196,240
2020-08-28,"Kazakhstan",NA,105558,1523,95888,8147
2020-08-28,"Kosovo",NA,12683,488,8788,3407
2020-08-28,"Turkey",NA,265515,6245,241809,17461
2020-08-29,"Armenia",NA,43626,872,37563,5191
2020-08-29,"Azerbaijan",NA,36174,529,33576,2069
2020-08-29,"Cyprus",NA,1483,20,935,528
2020-08-29,"Georgia",NA,1462,19,1196,247
2020-08-29,"Kazakhstan",NA,105684,1523,96135,8026
2020-08-29,"Kosovo",NA,12683,488,8788,3407
2020-08-29,"Turkey",NA,267064,6284,242812,17968
2020-08-31,"Armenia",NA,43781,879,37722,5180
2020-08-31,"Azerbaijan",NA,36435,534,33847,2054
2020-08-31,"Cyprus",NA,1488,20,1139,329
2020-08-31,"Georgia",NA,1487,19,1240,228
2020-08-31,"Kazakhstan",NA,105872,1523,96297,8052
2020-08-31,"Kosovo",NA,12683,488,8788,3407
2020-08-31,"Turkey",NA,270133,6370,244926,18837
2020-09-01,"Armenia",NA,43878,881,38356,4641
2020-09-01,"Azerbaijan",NA,36578,536,33977,2065
2020-09-01,"Cyprus",NA,1490,21,1139,330
2020-09-01,"Georgia",NA,1510,19,1253,238
2020-09-01,"Kazakhstan",NA,105944,1588,97371,6985
2020-09-01,"Kosovo",NA,12683,488,8788,3407
2020-09-01,"Turkey",NA,271705,6417,245929,19359
2020-09-02,"Armenia",NA,44075,884,38631,4560
2020-09-02,"Azerbaijan",NA,36732,538,34116,2078
2020-09-02,"Cyprus",NA,1495,21,1139,335
2020-09-02,"Georgia",NA,1548,19,1270,259
2020-09-02,"Kazakhstan",NA,106032,1588,97371,7073
2020-09-02,"Kosovo",NA,12683,488,8788,3407
2020-09-02,"Turkey",NA,273301,6462,246876,19963
2020-09-03,"Armenia",NA,44271,887,38855,4529
2020-09-03,"Azerbaijan",NA,36899,541,34264,2094
2020-09-03,"Cyprus",NA,1498,21,1139,338
2020-09-03,"Georgia",NA,1568,19,1279,270
2020-09-03,"Kazakhstan",NA,106121,1588,98585,5948
2020-09-03,"Kosovo",NA,12683,488,8788,3407
2020-09-03,"Turkey",NA,274943,6511,248087,20345
2020-09-04,"Armenia",NA,44461,891,39257,4313
2020-09-04,"Azerbaijan",NA,37031,543,34419,2069
2020-09-04,"Cyprus",NA,1502,21,1139,342
2020-09-04,"Georgia",NA,1596,19,1294,283
2020-09-04,"Kazakhstan",NA,106225,1588,98585,6052
2020-09-04,"Kosovo",NA,12683,488,8788,3407
2020-09-04,"Turkey",NA,276555,6564,249108,20883
2020-09-05,"Armenia",NA,44649,895,39823,3931
2020-09-05,"Azerbaijan",NA,37192,545,34565,2082
2020-09-05,"Cyprus",NA,1507,21,1237,249
2020-09-05,"Georgia",NA,1621,19,1302,300
2020-09-05,"Kazakhstan",NA,106301,1588,99018,5695
2020-09-05,"Kosovo",NA,12683,488,8788,3407
2020-09-05,"Turkey",NA,278228,6620,250092,21516
2020-09-06,"Armenia",NA,44783,897,40089,3797
2020-09-06,"Azerbaijan",NA,37329,548,34705,2076
2020-09-06,"Cyprus",NA,1509,21,1237,251
2020-09-06,"Georgia",NA,1650,19,1310,321
2020-09-06,"Kazakhstan",NA,106361,1588,99654,5119
2020-09-06,"Kosovo",NA,12683,488,8788,3407
2020-09-06,"Turkey",NA,279806,6673,251105,22028
2020-09-07,"Armenia",NA,44845,900,40121,3824
2020-09-07,"Azerbaijan",NA,37418,551,34837,2030
2020-09-07,"Cyprus",NA,1510,22,1237,251
2020-09-07,"Georgia",NA,1684,19,1315,350
2020-09-07,"Kazakhstan",NA,106425,1588,99893,4944
2020-09-07,"Kosovo",NA,12683,488,8788,3407
2020-09-07,"Turkey",NA,281509,6730,252152,22627
2020-09-08,"Armenia",NA,44953,903,40592,3458
2020-09-08,"Azerbaijan",NA,37557,552,34965,2040
2020-09-08,"Cyprus",NA,1511,22,1237,252
2020-09-08,"Georgia",NA,1729,19,1321,389
2020-09-08,"Kazakhstan",NA,106498,1634,99893,4971
2020-09-08,"Kosovo",NA,12683,488,8788,3407
2020-09-08,"Turkey",NA,283270,6782,253245,23243
2020-09-09,"Armenia",NA,45152,905,41023,3224
2020-09-09,"Azerbaijan",NA,37732,555,35119,2058
2020-09-09,"Cyprus",NA,1514,22,1237,255
2020-09-09,"Georgia",NA,1773,19,1325,429
2020-09-09,"Kazakhstan",NA,106584,1634,100248,4702
2020-09-09,"Kosovo",NA,12683,488,8788,3407
2020-09-09,"Turkey",NA,284943,6837,254188,23918
2020-09-10,"Armenia",NA,45326,906,41233,3187
2020-09-10,"Azerbaijan",NA,37874,556,35269,2049
2020-09-10,"Cyprus",NA,1517,22,1237,258
2020-09-10,"Georgia",NA,1830,19,1334,477
2020-09-10,"Kazakhstan",NA,106661,1634,100409,4618
2020-09-10,"Kosovo",NA,12683,488,8788,3407
2020-09-10,"Turkey",NA,286455,6895,255407,24153
2020-09-11,"Armenia",NA,45503,909,41434,3160
2020-09-11,"Azerbaijan",NA,38037,557,35440,2040
2020-09-11,"Cyprus",NA,1520,22,1237,261
2020-09-11,"Georgia",NA,1917,19,1354,544
2020-09-11,"Kazakhstan",NA,106729,1634,100409,4686
2020-09-11,"Kosovo",NA,12683,488,8788,3407
2020-09-11,"Turkey",NA,288126,6951,256524,24651
2020-09-12,"Armenia",NA,45675,911,41605,3159
2020-09-12,"Azerbaijan",NA,38172,559,35607,2006
2020-09-12,"Cyprus",NA,1523,22,1281,220
2020-09-12,"Georgia",NA,2075,19,1363,693
2020-09-12,"Kazakhstan",NA,106803,1634,100615,4554
2020-09-12,"Kosovo",NA,12683,488,8788,3407
2020-09-12,"Turkey",NA,289635,6999,257731,24905
2020-09-13,"Armenia",NA,45862,916,41659,3287
2020-09-13,"Azerbaijan",NA,38327,562,35756,2009
2020-09-13,"Cyprus",NA,1526,22,1281,223
2020-09-13,"Georgia",NA,2227,19,1369,839
2020-09-13,"Kazakhstan",NA,106855,1634,100627,4594
2020-09-13,"Kosovo",NA,12683,488,8788,3407
2020-09-13,"Turkey",NA,291162,7056,258833,25273
2020-09-14,"Armenia",NA,45969,919,41693,3357
2020-09-14,"Azerbaijan",NA,38403,564,35860,1979
2020-09-14,"Cyprus",NA,1534,22,1282,230
2020-09-14,"Georgia",NA,2392,19,1369,1004
2020-09-14,"Kazakhstan",NA,106920,1634,100627,4659
2020-09-14,"Kosovo",NA,12683,488,8788,3407
2020-09-14,"Turkey",NA,292878,7119,260058,25701
2020-09-16,"Armenia",NA,46376,923,42069,3384
2020-09-16,"Azerbaijan",NA,38658,569,36149,1940
2020-09-16,"Cyprus",NA,1548,22,1282,244
2020-09-16,"Georgia",NA,2758,19,1412,1327
2020-09-16,"Kazakhstan",NA,107056,1671,101455,3930
2020-09-16,"Kosovo",NA,12683,488,8788,3407
2020-09-16,"Turkey",NA,296391,7249,262602,26540
2020-09-17,"Armenia",NA,46671,925,42231,3515
2020-09-17,"Azerbaijan",NA,38777,571,36289,1917
2020-09-17,"Cyprus",NA,1558,22,1282,254
2020-09-17,"Georgia",NA,2937,19,1422,1496
2020-09-17,"Kazakhstan",NA,107134,1671,101610,3853
2020-09-17,"Kosovo",NA,12683,488,8788,3407
2020-09-17,"Turkey",NA,298039,7315,263745,26979
2020-09-18,"Armenia",NA,46910,926,42369,3615
2020-09-18,"Azerbaijan",NA,38894,572,36424,1898
2020-09-18,"Cyprus",NA,1565,22,1282,261
2020-09-18,"Georgia",NA,3119,19,1435,1665
2020-09-18,"Kazakhstan",NA,107199,1671,101822,3706
2020-09-18,"Kosovo",NA,12683,488,8788,3407
2020-09-18,"Turkey",NA,299810,7377,264805,27628
2020-09-19,"Armenia",NA,47154,928,42551,3675
2020-09-19,"Azerbaijan",NA,39042,574,36601,1867
2020-09-19,"Cyprus",NA,1590,22,1282,286
2020-09-19,"Georgia",NA,3306,19,1481,1806
2020-09-19,"Kazakhstan",NA,107262,1671,101877,3714
2020-09-19,"Kosovo",NA,12683,488,8788,3407
2020-09-19,"Turkey",NA,301348,7445,266117,27786
2020-09-20,"Armenia",NA,47431,930,42608,3893
2020-09-20,"Azerbaijan",NA,39188,575,36755,1858
2020-09-20,"Cyprus",NA,1600,22,1282,296
2020-09-20,"Georgia",NA,3502,19,1494,1989
2020-09-20,"Kazakhstan",NA,107307,1671,101941,3695
2020-09-20,"Kosovo",NA,12683,488,8788,3407
2020-09-20,"Turkey",NA,302867,7506,267233,28128
2020-09-21,"Armenia",NA,47552,936,42637,3979
2020-09-21,"Azerbaijan",NA,39280,576,36836,1868
2020-09-21,"Cyprus",NA,1603,22,1369,212
2020-09-21,"Georgia",NA,3695,20,1534,2141
2020-09-21,"Kazakhstan",NA,107374,1671,102064,3639
2020-09-21,"Kosovo",NA,12683,488,8788,3407
2020-09-21,"Turkey",NA,304610,7574,268435,28601
2020-09-22,"Armenia",NA,47667,938,42676,4053
2020-09-22,"Azerbaijan",NA,39378,578,36949,1851
2020-09-22,"Cyprus",NA,1618,22,1369,227
2020-09-22,"Georgia",NA,3913,23,1574,2316
2020-09-22,"Kazakhstan",NA,107450,1699,102064,3687
2020-09-22,"Kosovo",NA,12683,488,8788,3407
2020-09-22,"Turkey",NA,306302,7639,269696,28967
2020-09-23,"Armenia",NA,47877,942,43026,3909
2020-09-23,"Azerbaijan",NA,39524,580,37122,1822
2020-09-23,"Cyprus",NA,1654,22,1369,263
2020-09-23,"Georgia",NA,4140,25,1643,2472
2020-09-23,"Kazakhstan",NA,107529,1699,102323,3507
2020-09-23,"Kosovo",NA,12683,488,8788,3407
2020-09-23,"Turkey",NA,308069,7711,270723,29635
2020-09-24,"Armenia",NA,48251,945,43266,4040
2020-09-24,"Azerbaijan",NA,39686,581,37255,1850
2020-09-24,"Cyprus",NA,1663,22,1369,272
2020-09-24,"Georgia",NA,4399,26,1705,2668
2020-09-24,"Kazakhstan",NA,107590,1699,102360,3531
2020-09-24,"Kosovo",NA,12683,488,8788,3407
2020-09-24,"Turkey",NA,309790,7785,271964,30041
2020-09-25,"Armenia",NA,48643,947,43401,4295
2020-09-25,"Azerbaijan",NA,39787,583,37392,1812
2020-09-25,"Cyprus",NA,1671,22,1369,280
2020-09-25,"Georgia",NA,4664,27,1759,2878
2020-09-25,"Kazakhstan",NA,107659,1699,102530,3430
2020-09-25,"Kosovo",NA,12683,488,8788,3407
2020-09-25,"Turkey",NA,311455,7858,273282,30315
2020-09-26,"Armenia",NA,49072,948,43576,4548
2020-09-26,"Azerbaijan",NA,39895,585,37523,1787
2020-09-26,"Cyprus",NA,1684,22,1369,293
2020-09-26,"Georgia",NA,4960,28,1819,3113
2020-09-26,"Kazakhstan",NA,107723,1699,102666,3358
2020-09-26,"Kosovo",NA,12683,488,8788,3407
2020-09-26,"Turkey",NA,312966,7929,274514,30523
2020-09-27,"Armenia",NA,49400,951,43613,4836
2020-09-27,"Azerbaijan",NA,40023,586,37655,1782
2020-09-27,"Cyprus",NA,1696,22,1369,305
2020-09-27,"Georgia",NA,5254,28,1906,3320
2020-09-27,"Kazakhstan",NA,107775,1699,102736,3340
2020-09-27,"Kosovo",NA,12683,488,8788,3407
2020-09-27,"Turkey",NA,314433,7997,275630,30806
2020-09-29,"Armenia",NA,49901,958,43849,5094
2020-09-29,"Azerbaijan",NA,40119,590,37827,1702
2020-09-29,"Cyprus",NA,1743,22,1369,352
2020-09-29,"Georgia",NA,5866,36,2324,3506
2020-09-29,"Kazakhstan",NA,107908,1725,102874,3309
2020-09-29,"Kosovo",NA,12683,488,8788,3407
2020-09-29,"Turkey",NA,317272,8130,278504,30638
2020-09-30,"Armenia",NA,50359,959,44001,5399
2020-09-30,"Azerbaijan",NA,40229,591,37954,1684
2020-09-30,"Cyprus",NA,1755,22,1369,364
2020-09-30,"Georgia",NA,6192,39,3120,3033
2020-09-30,"Kazakhstan",NA,107979,1725,102937,3317
2020-09-30,"Kosovo",NA,12683,488,8788,3407
2020-09-30,"Turkey",NA,318663,8195,279749,30719
2020-10-01,"Armenia",NA,50850,963,44219,5668
2020-10-01,"Azerbaijan",NA,40309,593,38068,1648
2020-10-01,"Cyprus",NA,1772,22,1369,381
2020-10-01,"Georgia",NA,6640,41,3419,3180
2020-10-01,"Kazakhstan",NA,108044,1725,103028,3291
2020-10-01,"Kosovo",NA,12683,488,8788,3407
2020-10-01,"Turkey",NA,320070,8262,281151,30657
2020-10-02,"Armenia",NA,51382,966,44406,6010
2020-10-02,"Azerbaijan",NA,40453,594,38217,1642
2020-10-02,"Cyprus",NA,1789,22,1369,398
2020-10-02,"Georgia",NA,7093,46,3714,3333
2020-10-02,"Kazakhstan",NA,108106,1725,103110,3271
2020-10-02,"Kosovo",NA,12683,488,8788,3407
2020-10-02,"Turkey",NA,321512,8325,282657,30530
2020-10-03,"Armenia",NA,51925,972,44583,6370
2020-10-03,"Azerbaijan",NA,40561,595,38354,1612
2020-10-03,"Cyprus",NA,1811,22,1369,420
2020-10-03,"Georgia",NA,7564,48,3992,3524
2020-10-03,"Kazakhstan",NA,108177,1725,103205,3247
2020-10-03,"Kosovo",NA,12683,488,8788,3407
2020-10-03,"Turkey",NA,323014,8384,283868,30762
2020-10-04,"Armenia",NA,52496,977,44672,6847
2020-10-04,"Azerbaijan",NA,40691,596,38496,1599
2020-10-04,"Cyprus",NA,1824,22,1369,433
2020-10-04,"Georgia",NA,8118,50,4244,3824
2020-10-04,"Kazakhstan",NA,108236,1725,103277,3234
2020-10-04,"Kosovo",NA,12683,488,8788,3407
2020-10-04,"Turkey",NA,324443,8441,285050,30952
2020-10-05,"Armenia",NA,52677,984,44710,6983
2020-10-05,"Azerbaijan",NA,40788,598,38587,1603
2020-10-05,"Cyprus",NA,1847,22,1369,456
2020-10-05,"Georgia",NA,8696,54,4619,4023
2020-10-05,"Kazakhstan",NA,108296,1725,103367,3204
2020-10-05,"Kosovo",NA,12683,488,8788,3407
2020-10-05,"Turkey",NA,326046,8498,286370,31178
2020-10-06,"Armenia",NA,53083,990,44932,7161
2020-10-06,"Azerbaijan",NA,40931,600,38713,1618
2020-10-06,"Cyprus",NA,1876,23,1369,484
2020-10-06,"Georgia",NA,9245,58,4887,4300
2020-10-06,"Kazakhstan",NA,108362,1746,103465,3151
2020-10-06,"Kosovo",NA,12683,488,8788,3407
2020-10-06,"Turkey",NA,327557,8553,287599,31405
2020-10-07,"Armenia",NA,53755,995,45110,7650
2020-10-07,"Azerbaijan",NA,41113,602,38858,1653
2020-10-07,"Cyprus",NA,1897,24,1369,504
2020-10-07,"Georgia",NA,9753,63,5235,4455
2020-10-07,"Kazakhstan",NA,108454,1746,103604,3104
2020-10-07,"Kosovo",NA,15938,638,14143,1157
2020-10-07,"Turkey",NA,329138,8609,288954,31575
2020-10-08,"Armenia",NA,54473,1004,45312,8157
2020-10-08,"Azerbaijan",NA,41304,603,39012,1689
2020-10-08,"Cyprus",NA,1918,24,1369,525
2020-10-08,"Georgia",NA,10225,66,5553,4606
2020-10-08,"Kazakhstan",NA,108561,1746,103758,3057
2020-10-08,"Kosovo",NA,15938,638,14143,1157
2020-10-08,"Turkey",NA,330753,8667,290352,31734
2020-10-09,"Armenia",NA,55087,1010,45528,8549
2020-10-09,"Azerbaijan",NA,41519,605,39129,1785
2020-10-09,"Cyprus",NA,1951,25,1369,557
2020-10-09,"Georgia",NA,10752,72,5866,4814
2020-10-09,"Kazakhstan",NA,108663,1746,103910,3007
2020-10-09,"Kosovo",NA,15971,638,14189,1144
2020-10-09,"Turkey",NA,332382,8722,291754,31906
2020-10-10,"Armenia",NA,55736,1016,45771,8949
2020-10-10,"Azerbaijan",NA,41752,608,39235,1909
2020-10-10,"Cyprus",NA,1986,25,1444,517
2020-10-10,"Georgia",NA,11271,78,6119,5074
2020-10-10,"Kazakhstan",NA,108757,1746,103980,3031
2020-10-10,"Kosovo",NA,16130,645,14282,1203
2020-10-10,"Turkey",NA,334031,8778,293145,32108
2020-10-11,"Armenia",NA,56451,1020,45824,9607
2020-10-11,"Azerbaijan",NA,41982,609,39357,2016
2020-10-11,"Cyprus",NA,2006,25,1444,537
2020-10-11,"Georgia",NA,11794,85,6327,5382
2020-10-11,"Kazakhstan",NA,108831,1746,104041,3044
2020-10-11,"Kosovo",NA,16179,647,14335,1197
2020-10-11,"Turkey",NA,335533,8837,294357,32339
2020-10-12,"Armenia",NA,56821,1026,45891,9904
2020-10-12,"Azerbaijan",NA,42104,609,39404,2091
2020-10-12,"Cyprus",NA,2047,25,1444,578
2020-10-12,"Georgia",NA,12272,93,6538,5641
2020-10-12,"Kazakhstan",NA,108901,1746,104203,2952
2020-10-12,"Kosovo",NA,16247,648,14368,1231
2020-10-12,"Turkey",NA,337147,8895,295658,32594
2020-10-13,"Armenia",NA,57566,1032,46318,10216
2020-10-13,"Azerbaijan",NA,42381,612,39468,2301
2020-10-13,"Cyprus",NA,2130,25,1444,661
2020-10-13,"Georgia",NA,12841,102,6867,5872
2020-10-13,"Kazakhstan",NA,108984,1768,104346,2870
2020-10-13,"Kosovo",NA,16345,649,14405,1291
2020-10-13,"Turkey",NA,338779,8957,296972,32850
2020-10-14,"Armenia",NA,58624,1039,46713,10872
2020-10-14,"Azerbaijan",NA,42750,616,39570,2564
2020-10-14,"Cyprus",NA,2181,25,1444,712
2020-10-14,"Georgia",NA,13521,109,7159,6253
2020-10-14,"Kazakhstan",NA,109094,1768,104525,2801
2020-10-14,"Kosovo",NA,16425,650,14455,1320
2020-10-14,"Turkey",NA,340450,9014,298368,33068
2020-10-15,"Armenia",NA,59995,1046,47119,11830
2020-10-15,"Azerbaijan",NA,43280,619,39671,2990
2020-10-15,"Cyprus",NA,2285,25,1444,816
2020-10-15,"Georgia",NA,14440,113,7367,6960
2020-10-15,"Kazakhstan",NA,109202,1768,104801,2633
2020-10-15,"Kosovo",NA,16502,650,14514,1338
2020-10-15,"Turkey",NA,342143,9080,299679,33384
2020-10-16,"Armenia",NA,61460,1056,47541,12863
2020-10-16,"Azerbaijan",NA,43789,621,39800,3368
2020-10-16,"Cyprus",NA,2379,25,1444,910
2020-10-16,"Georgia",NA,15327,124,7613,7590
2020-10-16,"Kazakhstan",NA,109302,1768,104921,2613
2020-10-16,"Kosovo",NA,16606,652,14556,1398
2020-10-16,"Turkey",NA,343955,9153,301098,33704
2020-10-17,"Armenia",NA,63000,1067,47925,14008
2020-10-17,"Azerbaijan",NA,44317,623,39903,3791
2020-10-17,"Cyprus",NA,2581,25,1444,1112
2020-10-17,"Georgia",NA,16285,128,7827,8330
2020-10-17,"Kazakhstan",NA,109406,1768,105001,2637
2020-10-17,"Kosovo",NA,16606,652,14556,1398
2020-10-17,"Turkey",NA,345678,9224,302499,33955
2020-10-18,"Armenia",NA,64694,1081,48104,15509
2020-10-18,"Azerbaijan",NA,44964,626,40037,4301
2020-10-18,"Cyprus",NA,2644,25,1444,1175
2020-10-18,"Georgia",NA,17477,136,8060,9281
2020-10-18,"Kazakhstan",NA,109508,1768,105001,2739
2020-10-18,"Kosovo",NA,16891,653,14661,1577
2020-10-18,"Turkey",NA,347493,9296,304003,34194
2020-10-19,"Armenia",NA,65460,1091,48208,16161
2020-10-19,"Azerbaijan",NA,45295,630,40144,4521
2020-10-19,"Cyprus",NA,2687,25,1444,1218
2020-10-19,"Georgia",NA,18663,143,8338,10182
2020-10-19,"Kazakhstan",NA,109623,1768,105145,2710
2020-10-19,"Kosovo",NA,17009,656,14711,1642
2020-10-19,"Turkey",NA,349519,9371,305427,34721
2020-10-20,"Armenia",NA,66694,1101,48734,16859
2020-10-20,"Azerbaijan",NA,45879,635,40272,4972
2020-10-20,"Cyprus",NA,2839,25,1444,1370
2020-10-20,"Georgia",NA,19857,158,8666,11033
2020-10-20,"Kazakhstan",NA,109766,1796,105301,2669
2020-10-20,"Kosovo",NA,17139,656,14711,1642
2020-10-20,"Turkey",NA,351413,9445,306939,35029
2020-10-21,"Armenia",NA,68530,1121,49219,18190
2020-10-21,"Azerbaijan",NA,46593,642,40448,5503
2020-10-21,"Cyprus",NA,2966,25,1444,1497
2020-10-21,"Georgia",NA,21208,172,9003,12033
2020-10-21,"Kazakhstan",NA,109907,1796,105385,2726
2020-10-21,"Kosovo",NA,17263,657,14831,1775
2020-10-21,"Turkey",NA,353426,9513,308446,35467
2020-10-22,"Armenia",NA,70836,1131,49787,19918
2020-10-22,"Azerbaijan",NA,47418,648,40619,6151
2020-10-22,"Cyprus",NA,3154,25,1444,1685
2020-10-22,"Georgia",NA,22803,178,9401,13224
2020-10-22,"Kazakhstan",NA,110086,1796,105493,2797
2020-10-22,"Kosovo",NA,17263,657,14831,1775
2020-10-22,"Turkey",NA,355528,9584,310027,35917
2020-10-23,"Armenia",NA,73310,1145,50276,21889
2020-10-23,"Azerbaijan",NA,48221,656,40831,6734
2020-10-23,"Cyprus",NA,3314,25,1444,1845
2020-10-23,"Georgia",NA,24562,183,9751,14628
2020-10-23,"Kazakhstan",NA,110250,1796,105566,2888
2020-10-23,"Kosovo",NA,17263,657,14831,1775
2020-10-23,"Turkey",NA,357693,9658,311520,36515
2020-10-24,"Armenia",NA,75523,1157,50701,23665
2020-10-24,"Azerbaijan",NA,49013,664,41051,7298
2020-10-24,"Cyprus",NA,3444,25,1882,1537
2020-10-24,"Georgia",NA,26503,193,10163,16147
2020-10-24,"Kazakhstan",NA,110402,1796,105618,2988
2020-10-24,"Kosovo",NA,17263,657,14831,1775
2020-10-24,"Turkey",NA,359784,9727,313093,36964
2020-10-25,"Armenia",NA,77837,1180,50908,25749
2020-10-25,"Azerbaijan",NA,49959,671,41279,8009
2020-10-25,"Cyprus",NA,3545,25,1882,1638
2020-10-25,"Georgia",NA,28431,201,10767,17463
2020-10-25,"Kazakhstan",NA,110542,1796,105675,3071
2020-10-25,"Kosovo",NA,17263,657,14831,1775
2020-10-25,"Turkey",NA,361801,9799,314390,37612
2020-10-26,"Armenia",NA,78810,1196,51162,26452
2020-10-26,"Azerbaijan",NA,50486,679,41410,8397
2020-10-26,"Cyprus",NA,3636,25,1882,1729
2020-10-26,"Georgia",NA,30303,215,11370,18718
2020-10-26,"Kazakhstan",NA,110684,1796,105766,3122
2020-10-26,"Kosovo",NA,17943,663,15083,2197
2020-10-26,"Turkey",NA,363999,9874,316008,38117
2020-10-27,"Armenia",NA,80410,1222,51814,27374
2020-10-27,"Azerbaijan",NA,51149,688,41693,8768
2020-10-27,"Cyprus",NA,3817,25,1882,1910
2020-10-27,"Georgia",NA,32127,238,12632,19257
2020-10-27,"Kazakhstan",NA,110832,1825,105883,3124
2020-10-27,"Kosovo",NA,17943,663,15083,2197
2020-10-27,"Turkey",NA,366208,9950,317519,38739
2020-10-28,"Armenia",NA,82651,1243,52508,28900
2020-10-28,"Azerbaijan",NA,52137,699,42033,9405
2020-10-28,"Cyprus",NA,3930,25,1882,2023
2020-10-28,"Georgia",NA,33858,253,14829,18776
2020-10-28,"Kazakhstan",NA,111100,1825,106059,3216
2020-10-28,"Kosovo",NA,18626,673,15290,2663
2020-10-28,"Turkey",NA,368513,10027,319181,39305
2020-10-29,"Armenia",NA,85034,1272,53257,30505
2020-10-29,"Azerbaijan",NA,53152,708,42516,9928
2020-10-29,"Cyprus",NA,4051,25,1882,2144
2020-10-29,"Georgia",NA,35567,273,16904,18390
2020-10-29,"Kazakhstan",NA,111492,1825,106187,3480
2020-10-29,"Kosovo",NA,18626,673,15290,2663
2020-10-29,"Turkey",NA,370832,10099,320762,39971
2020-10-30,"Armenia",NA,87432,1300,54316,31816
2020-10-30,"Azerbaijan",NA,54174,718,42996,10460
2020-10-30,"Cyprus",NA,4217,25,1882,2310
2020-10-30,"Georgia",NA,37263,285,19810,17168
2020-10-30,"Kazakhstan",NA,111953,1825,106310,3818
2020-10-30,"Kosovo",NA,19328,678,15429,3221
2020-10-30,"Turkey",NA,373154,10177,322465,40512
2020-10-31,"Armenia",NA,89813,1341,55317,33155
2020-10-31,"Azerbaijan",NA,55269,730,43543,10996
2020-10-31,"Cyprus",NA,4366,26,1882,2458
2020-10-31,"Georgia",NA,38936,307,22691,15938
2020-10-31,"Kazakhstan",NA,112418,1825,106400,4193
2020-10-31,"Kosovo",NA,19328,678,15429,3221
2020-10-31,"Turkey",NA,375367,10252,323971,41144
2020-11-01,"Armenia",NA,92254,1363,55827,35064
2020-11-01,"Azerbaijan",NA,56444,740,44157,11547
2020-11-01,"Cyprus",NA,4563,26,1882,2655
2020-11-01,"Georgia",NA,40727,335,25104,15288
2020-11-01,"Kazakhstan",NA,112860,1825,106514,4521
2020-11-01,"Kosovo",NA,19328,678,15429,3221
2020-11-01,"Turkey",NA,377473,10326,325486,41661
2020-11-02,"Armenia",NA,93448,1391,56466,35591
2020-11-02,"Azerbaijan",NA,57040,753,44479,11808
2020-11-02,"Cyprus",NA,4760,27,1882,2851
2020-11-02,"Georgia",NA,42579,342,26800,15437
2020-11-02,"Kazakhstan",NA,113309,1857,106716,4736
2020-11-02,"Kosovo",NA,20179,688,15611,3880
2020-11-02,"Turkey",NA,379775,10402,327007,42366
2020-11-03,"Armenia",NA,94776,1413,57599,35764
2020-11-03,"Azerbaijan",NA,58282,768,45030,12484
2020-11-03,"Cyprus",NA,4934,27,1882,3025
2020-11-03,"Georgia",NA,44522,362,28633,15527
2020-11-03,"Kazakhstan",NA,113741,1857,106893,4991
2020-11-03,"Kosovo",NA,20999,705,15722,4572
2020-11-03,"Turkey",NA,382118,10481,328824,42813
2020-11-04,"Armenia",NA,97150,1448,58811,36891
2020-11-04,"Azerbaijan",NA,59509,780,45697,13032
2020-11-04,"Cyprus",NA,5100,27,1882,3191
2020-11-04,"Georgia",NA,46817,381,31170,15266
2020-11-04,"Kazakhstan",NA,114235,1857,107139,5239
2020-11-04,"Kosovo",NA,21545,714,15829,5002
2020-11-04,"Turkey",NA,384509,10558,330665,43286
2020-11-05,"Armenia",NA,99563,1476,60135,37952
2020-11-05,"Azerbaijan",NA,60873,794,46465,13614
2020-11-05,"Cyprus",NA,5333,27,1882,3424
2020-11-05,"Georgia",NA,49218,401,33459,15358
2020-11-05,"Kazakhstan",NA,114826,1857,107339,5630
2020-11-05,"Kosovo",NA,22206,720,15921,5565
2020-11-05,"Turkey",NA,386820,10639,332379,43802
2020-11-06,"Armenia",NA,101773,1506,61782,38485
2020-11-06,"Azerbaijan",NA,62338,811,47270,14257
2020-11-06,"Cyprus",NA,5557,27,1882,3648
2020-11-06,"Georgia",NA,51993,423,37019,14551
2020-11-06,"Kazakhstan",NA,115439,1857,107530,6052
2020-11-06,"Kosovo",NA,22934,732,15981,6221
2020-11-06,"Turkey",NA,389256,10722,334293,44241
2020-11-07,"Armenia",NA,104249,1533,63258,39458
2020-11-07,"Azerbaijan",NA,63748,824,48049,14875
2020-11-07,"Cyprus",NA,5871,35,1882,3954
2020-11-07,"Georgia",NA,54852,441,39773,14638
2020-11-07,"Kazakhstan",NA,116162,1857,107668,6637
2020-11-07,"Kosovo",NA,22934,732,15981,6221
2020-11-07,"Turkey",NA,391739,10803,336221,44715
2020-11-08,"Armenia",NA,106424,1559,64179,40686
2020-11-08,"Azerbaijan",NA,65411,840,48908,15663
2020-11-08,"Cyprus",NA,5987,28,1882,4077
2020-11-08,"Georgia",NA,57753,475,42572,14706
2020-11-08,"Kazakhstan",NA,116772,1857,107843,7072
2020-11-08,"Kosovo",NA,22934,732,15981,6221
2020-11-08,"Turkey",NA,394255,10887,338239,45129
2020-11-09,"Armenia",NA,107466,1580,64910,40976
2020-11-09,"Azerbaijan",NA,66046,852,49411,15783
2020-11-09,"Cyprus",NA,6098,28,1882,4188
2020-11-09,"Georgia",NA,60680,499,45042,15139
2020-11-09,"Kazakhstan",NA,117336,1857,108169,7310
2020-11-09,"Kosovo",NA,24792,768,16226,7798
2020-11-09,"Turkey",NA,396831,10972,340286,45573
2020-11-10,"Armenia",NA,108687,1609,66835,40243
2020-11-10,"Azerbaijan",NA,67392,867,50009,16516
2020-11-10,"Cyprus",NA,6296,29,1882,4385
2020-11-10,"Georgia",NA,63650,521,47390,15739
2020-11-10,"Kazakhstan",NA,117904,1857,108387,7660
2020-11-10,"Kosovo",NA,25388,773,16362,8253
2020-11-10,"Turkey",NA,399360,11059,342501,45800
2020-11-11,"Armenia",NA,110548,1636,68336,40576
2020-11-11,"Azerbaijan",NA,68594,885,51007,16702
2020-11-11,"Cyprus",NA,6461,33,1882,4546
2020-11-11,"Georgia",NA,66561,566,49811,16184
2020-11-11,"Kazakhstan",NA,118491,1899,108632,7960
2020-11-11,"Kosovo",NA,26121,777,16499,8845
2020-11-11,"Turkey",NA,402053,11145,344613,46295
2020-11-12,"Armenia",NA,112680,1668,70130,40882
2020-11-12,"Azerbaijan",NA,70216,905,51986,17325
2020-11-12,"Cyprus",NA,6646,34,1882,4730
2020-11-12,"Georgia",NA,69681,599,52169,16913
2020-11-12,"Kazakhstan",NA,119129,1899,108958,8272
2020-11-12,"Kosovo",NA,26888,785,16685,9418
2020-11-12,"Turkey",NA,404894,11233,346794,46867
2020-11-13,"Armenia",NA,114383,1697,72116,40570
2020-11-13,"Azerbaijan",NA,71580,927,53001,17652
2020-11-13,"Cyprus",NA,6853,38,2021,4794
2020-11-13,"Georgia",NA,73154,636,55511,17007
2020-11-13,"Kazakhstan",NA,119833,1899,109275,8659
2020-11-13,"Kosovo",NA,27851,798,16862,10191
2020-11-13,"Turkey",NA,407939,11326,348804,47809
2020-11-14,"Armenia",NA,115855,1738,74105,40012
2020-11-14,"Azerbaijan",NA,73429,946,54049,18434
2020-11-14,"Cyprus",NA,7051,39,2021,4991
2020-11-14,"Georgia",NA,76658,669,58674,17315
2020-11-14,"Kazakhstan",NA,120463,1899,109643,8921
2020-11-14,"Kosovo",NA,27851,798,16862,10191
2020-11-14,"Turkey",NA,411055,11418,351102,48535
2020-11-15,"Armenia",NA,117337,1763,74984,40590
2020-11-15,"Azerbaijan",NA,75688,967,55150,19571
2020-11-15,"Cyprus",NA,7178,39,2021,5118
2020-11-15,"Georgia",NA,79678,703,62061,16914
2020-11-15,"Kazakhstan",NA,121051,1899,109944,9208
2020-11-15,"Kosovo",NA,29117,822,17305,10990
2020-11-15,"Turkey",NA,414278,11507,353663,49108
2020-11-16,"Armenia",NA,117886,1788,75865,40233
2020-11-16,"Azerbaijan",NA,77083,985,55755,20343
2020-11-16,"Cyprus",NA,7285,40,2021,5224
2020-11-16,"Georgia",NA,82835,733,65291,16811
2020-11-16,"Kazakhstan",NA,121653,1899,110382,9372
2020-11-16,"Kosovo",NA,29805,833,17541,11431
2020-11-16,"Turkey",NA,417594,11601,356375,49618
2020-11-17,"Armenia",NA,118870,1811,78343,38716
2020-11-17,"Azerbaijan",NA,79158,1005,56894,21259
2020-11-17,"Cyprus",NA,7513,40,2021,5452
2020-11-17,"Georgia",NA,85952,778,68929,16245
2020-11-17,"Kazakhstan",NA,122335,1899,110835,9601
2020-11-17,"Kosovo",NA,29805,833,17541,11431
2020-11-17,"Turkey",NA,421413,11704,359063,50646
2020-11-18,"Armenia",NA,120459,1839,80069,38551
2020-11-18,"Azerbaijan",NA,81397,1030,58111,22256
2020-11-18,"Cyprus",NA,7711,41,2021,5649
2020-11-18,"Georgia",NA,89395,815,71468,17112
2020-11-18,"Kazakhstan",NA,123097,1945,111172,9980
2020-11-18,"Kosovo",NA,31215,860,18347,12008
2020-11-18,"Turkey",NA,425628,11820,361655,52153
2020-11-19,"Armenia",NA,121979,1870,88388,31721
2020-11-19,"Azerbaijan",NA,83994,1053,59465,23476
2020-11-19,"Cyprus",NA,7979,41,2021,5917
2020-11-19,"Georgia",NA,93092,853,73877,18362
2020-11-19,"Kazakhstan",NA,123888,1945,111483,10460
2020-11-19,"Kosovo",NA,32022,874,19024,12124
2020-11-19,"Turkey",NA,430170,11943,364573,53654
2020-11-20,"Armenia",NA,123646,1900,90754,30992
2020-11-20,"Azerbaijan",NA,87163,1079,60869,25215
2020-11-20,"Cyprus",NA,8211,43,2055,6113
2020-11-20,"Georgia",NA,96860,894,77932,18034
2020-11-20,"Kazakhstan",NA,124710,1945,111895,10870
2020-11-20,"Kosovo",NA,32877,885,19772,12220
2020-11-20,"Turkey",NA,435273,12084,367592,55597
2020-11-21,"Armenia",NA,124839,1931,92829,30079
2020-11-21,"Azerbaijan",NA,89898,1107,62243,26548
2020-11-21,"Cyprus",NA,8456,43,2055,6358
2020-11-21,"Georgia",NA,100684,927,81783,17974
2020-11-21,"Kazakhstan",NA,125466,1945,112292,11229
2020-11-21,"Kosovo",NA,33588,904,20493,12191
2020-11-21,"Turkey",NA,440805,12219,370825,57761
2020-11-22,"Armenia",NA,126224,1952,94090,30182
2020-11-22,"Azerbaijan",NA,93094,1131,63841,28122
2020-11-22,"Cyprus",NA,8643,44,2055,6544
2020-11-22,"Georgia",NA,104732,976,85639,18117
2020-11-22,"Kazakhstan",NA,126182,1945,112806,11431
2020-11-22,"Kosovo",NA,34295,914,21043,12338
2020-11-22,"Turkey",NA,446822,12358,374637,59827
2020-11-23,"Armenia",NA,126709,1976,95099,29634
2020-11-23,"Azerbaijan",NA,95281,1160,64475,29646
2020-11-23,"Cyprus",NA,8947,44,2055,6848
2020-11-23,"Georgia",NA,108690,1012,89170,18508
2020-11-23,"Kazakhstan",NA,126182,1945,112806,11431
2020-11-23,"Kosovo",NA,34940,926,21396,12618
2020-11-23,"Turkey",NA,453535,12511,377891,63133
2020-11-24,"Armenia",NA,127522,2002,98944,26576
2020-11-24,"Azerbaijan",NA,98927,1194,65734,31999
2020-11-24,"Cyprus",NA,9199,46,2055,7098
2020-11-24,"Georgia",NA,111818,1051,92215,18552
2020-11-24,"Kazakhstan",NA,127580,1945,114347,11288
2020-11-24,"Kosovo",NA,35549,939,21746,12864
2020-11-24,"Turkey",NA,460916,12672,381569,66675
2020-11-25,"Armenia",NA,129085,2040,100913,26132
2020-11-25,"Azerbaijan",NA,102396,1224,66963,34209
2020-11-25,"Cyprus",NA,9453,47,2055,7351
2020-11-25,"Georgia",NA,114889,1085,95581,18223
2020-11-25,"Kazakhstan",NA,128400,1990,114821,11589
2020-11-25,"Kosovo",NA,36253,948,22137,13168
2020-11-25,"Turkey",NA,467730,12840,385480,69410
2020-11-26,"Armenia",NA,130870,2068,103055,25747
2020-11-26,"Azerbaijan",NA,106101,1256,68572,36273
2020-11-26,"Cyprus",NA,9673,48,2055,7570
2020-11-26,"Georgia",NA,118690,1124,98781,18785
2020-11-26,"Kazakhstan",NA,129213,1990,115384,11839
2020-11-26,"Kosovo",NA,37028,963,22690,13375
2020-11-26,"Turkey",NA,503738,13014,388771,101953
2020-11-27,"Armenia",NA,132346,2090,105149,25107
2020-11-27,"Azerbaijan",NA,109813,1291,69931,38591
2020-11-27,"Cyprus",NA,9983,48,2057,7878
2020-11-27,"Georgia",NA,123470,1161,102270,20039
2020-11-27,"Kazakhstan",NA,130039,1990,116044,12005
2020-11-27,"Kosovo",NA,37792,975,23274,13543
2020-11-27,"Turkey",NA,548244,13191,392616,142437
2020-11-28,"Armenia",NA,133594,2121,106479,24994
2020-11-28,"Azerbaijan",NA,114025,1323,71691,41011
2020-11-28,"Cyprus",NA,10231,48,2057,8126
2020-11-28,"Georgia",NA,127942,1195,106328,20419
2020-11-28,"Kazakhstan",NA,130865,1990,116187,12688
2020-11-28,"Kosovo",NA,38431,989,23754,13688
2020-11-28,"Turkey",NA,578347,13373,396227,168747
2020-11-29,"Armenia",NA,134768,2142,107364,25262
2020-11-29,"Azerbaijan",NA,118195,1361,73676,43158
2020-11-29,"Cyprus",NA,10383,48,2057,8278
2020-11-29,"Georgia",NA,132368,1230,110049,21089
2020-11-29,"Kazakhstan",NA,131659,1990,116461,13208
2020-11-29,"Kosovo",NA,39057,1005,24427,13625
2020-11-29,"Turkey",NA,607628,13558,400242,193828
2020-11-30,"Armenia",NA,135124,2164,108442,24518
2020-11-30,"Azerbaijan",NA,121176,1392,74902,44882
2020-11-30,"Cyprus",NA,10565,49,2057,8459
2020-11-30,"Georgia",NA,135584,1267,113986,20331
2020-11-30,"Kazakhstan",NA,132348,1990,116863,13495
2020-11-30,"Kosovo",NA,39596,1016,25001,13579
2020-11-30,"Turkey",NA,638847,13746,404727,220374
2020-12-01,"Armenia",NA,135967,2193,110365,23409
2020-12-01,"Azerbaijan",NA,125602,1433,76897,47272
2020-12-01,"Cyprus",NA,10883,49,2057,8777
2020-12-01,"Georgia",NA,139343,1303,117560,20480
2020-12-01,"Kazakhstan",NA,175565,2434,148043,25088
2020-12-01,"Kosovo",NA,40117,1026,25586,13505
2020-12-01,"Turkey",NA,668957,13936,409320,245701
2020-12-02,"Armenia",NA,137231,2228,111795,23208
2020-12-02,"Azerbaijan",NA,129544,1470,79162,48912
2020-12-02,"Cyprus",NA,11175,52,2057,9066
2020-12-02,"Georgia",NA,143376,1342,121621,20413
2020-12-02,"Kazakhstan",NA,176342,2436,148732,25174
2020-12-02,"Kosovo",NA,40117,1026,25586,13505
2020-12-02,"Turkey",NA,700880,14129,414141,272610
2020-12-03,"Armenia",NA,138508,2254,113228,23026
2020-12-03,"Azerbaijan",NA,133733,1510,81234,50989
2020-12-03,"Cyprus",NA,11523,54,2057,9412
2020-12-03,"Georgia",NA,147636,1387,124568,21681
2020-12-03,"Kazakhstan",NA,177386,2438,149435,25513
2020-12-03,"Kosovo",NA,40117,1026,25586,13505
2020-12-03,"Turkey",NA,733261,14316,418331,300614
2020-12-04,"Armenia",NA,139692,2277,114990,22425
2020-12-04,"Azerbaijan",NA,138000,1551,83800,52649
2020-12-04,"Cyprus",NA,11812,57,2057,9698
2020-12-04,"Georgia",NA,152704,1425,126904,24375
2020-12-04,"Kazakhstan",NA,178378,2484,150271,25623
2020-12-04,"Kosovo",NA,40117,1026,25586,13505
2020-12-04,"Turkey",NA,765997,14509,423142,328346
2020-12-05,"Armenia",NA,140959,2309,116066,22584
2020-12-05,"Azerbaijan",NA,142323,1593,85980,54750
2020-12-05,"Cyprus",NA,12181,57,2057,10067
2020-12-05,"Georgia",NA,158154,1462,129210,27482
2020-12-05,"Kazakhstan",NA,179344,2488,151134,25722
2020-12-05,"Kosovo",NA,42337,1087,27821,13429
2020-12-05,"Turkey",NA,797893,14705,427242,355946
2020-12-06,"Armenia",NA,141937,2326,116796,22815
2020-12-06,"Azerbaijan",NA,146679,1632,88497,56550
2020-12-06,"Cyprus",NA,12451,61,2057,10333
2020-12-06,"Georgia",NA,162475,1504,133511,27460
2020-12-06,"Kazakhstan",NA,180089,2488,151755,25846
2020-12-06,"Kosovo",NA,42805,1106,28504,13195
2020-12-06,"Turkey",NA,828295,14900,431253,382142
2020-12-07,"Armenia",NA,142344,2344,117649,22351
2020-12-07,"Azerbaijan",NA,149765,1675,90278,57812
2020-12-07,"Cyprus",NA,12867,63,2057,10747
2020-12-07,"Georgia",NA,164976,1540,137499,25937
2020-12-07,"Kazakhstan",NA,180777,2490,152379,25908
2020-12-07,"Kosovo",NA,43324,1120,29430,12774
2020-12-07,"Turkey",NA,860432,15103,436270,409059
2020-12-08,"Armenia",NA,142928,2372,119147,21409
2020-12-08,"Azerbaijan",NA,154152,1713,93411,59028
2020-12-08,"Cyprus",NA,13286,68,2057,11161
2020-12-08,"Georgia",NA,169649,1576,141392,26681
2020-12-08,"Kazakhstan",NA,181721,2544,153432,25745
2020-12-08,"Kosovo",NA,43881,1137,30157,12587
2020-12-08,"Turkey",NA,893630,15314,441515,436801
2020-12-09,"Armenia",NA,144066,2393,120532,21141
2020-12-09,"Azerbaijan",NA,158555,1755,96330,60470
2020-12-09,"Cyprus",NA,13286,68,2057,11161
2020-12-09,"Georgia",NA,174383,1614,145287,27482
2020-12-09,"Kazakhstan",NA,182657,2546,154432,25679
2020-12-09,"Kosovo",NA,44442,1148,31041,12253
2020-12-09,"Turkey",NA,925342,15531,447361,462450
2020-12-10,"Armenia",NA,145240,2416,121882,20942
2020-12-10,"Azerbaijan",NA,162774,1793,99892,61089
2020-12-10,"Cyprus",NA,13649,70,2057,11522
2020-12-10,"Georgia",NA,178953,1657,148332,28964
2020-12-10,"Kazakhstan",NA,183630,2550,155338,25742
2020-12-10,"Kosovo",NA,45004,1161,31802,12041
2020-12-10,"Turkey",NA,955766,15751,452593,578483
2020-12-11,"Armenia",NA,146317,2445,123474,20398
2020-12-11,"Azerbaijan",NA,167155,1840,103550,61765
2020-12-11,"Cyprus",NA,13649,70,2057,11522
2020-12-11,"Georgia",NA,183099,1694,150461,30944
2020-12-11,"Kazakhstan",NA,184557,2551,156093,25913
2020-12-11,"Kosovo",NA,45594,1174,32498,11922
2020-12-11,"Turkey",NA,1780673,15977,458109,1306587
2020-12-12,"Armenia",NA,147312,2462,124521,20329
2020-12-12,"Azerbaijan",NA,171423,1883,107635,61905
2020-12-12,"Cyprus",NA,14476,75,2057,12344
2020-12-12,"Georgia",NA,187006,1744,154241,31021
2020-12-12,"Kazakhstan",NA,185513,2552,156848,26113
2020-12-12,"Kosovo",NA,46118,1186,33064,11868
2020-12-12,"Turkey",NA,1809809,16199,1581565,212045
2020-12-13,"Armenia",NA,148325,2486,125169,20670
2020-12-13,"Azerbaijan",NA,175874,1922,111918,62034
2020-12-13,"Cyprus",NA,15101,78,2057,12966
2020-12-13,"Georgia",NA,189726,1790,158183,29753
2020-12-13,"Kazakhstan",NA,186277,2552,157701,26024
2020-12-13,"Kosovo",NA,46580,1198,33600,11782
2020-12-13,"Turkey",NA,1836728,16417,1603780,216531
2020-12-14,"Armenia",NA,148682,2503,125966,20213
2020-12-14,"Azerbaijan",NA,178986,1966,114841,62179
2020-12-14,"Cyprus",NA,15450,82,2057,13311
2020-12-14,"Georgia",NA,191063,1839,161681,27543
2020-12-14,"Kazakhstan",NA,186960,2554,158705,25701
2020-12-14,"Kosovo",NA,46909,1203,34155,11551
2020-12-14,"Turkey",NA,1866345,16646,1631944,217755
2020-12-15,"Armenia",NA,149120,2529,127452,19139
2020-12-15,"Azerbaijan",NA,183259,2007,119005,62247
2020-12-15,"Cyprus",NA,15789,84,2057,13648
2020-12-15,"Georgia",NA,194900,1883,164786,28231
2020-12-15,"Kazakhstan",NA,187890,2613,159985,25292
2020-12-15,"Kosovo",NA,47203,1220,34637,11346
2020-12-15,"Turkey",NA,1898447,16881,1661191,220375
2020-12-16,"Armenia",NA,150218,2556,128694,18968
2020-12-16,"Azerbaijan",NA,187336,2050,122859,62427
2020-12-16,"Cyprus",NA,16190,85,2057,14048
2020-12-16,"Georgia",NA,198387,1922,167281,29184
2020-12-16,"Kazakhstan",NA,188837,2613,160889,25335
2020-12-16,"Kosovo",NA,47499,1225,34956,11318
2020-12-16,"Turkey",NA,1928165,17121,1691113,219931
2020-12-17,"Armenia",NA,151392,2581,129990,18821
2020-12-17,"Azerbaijan",NA,191460,2088,127064,62308
2020-12-17,"Cyprus",NA,16190,85,2057,14048
2020-12-17,"Georgia",NA,201368,1953,169282,30133
2020-12-17,"Kazakhstan",NA,189551,2615,161561,25375
2020-12-17,"Kosovo",NA,47499,1225,34956,11318
2020-12-17,"Turkey",NA,1955680,17364,1721607,216709
2020-12-18,"Armenia",NA,152253,2596,131213,18444
2020-12-18,"Azerbaijan",NA,195422,2133,131252,62037
2020-12-18,"Cyprus",NA,16647,85,2057,14505
2020-12-18,"Georgia",NA,204003,2002,171526,30475
2020-12-18,"Kazakhstan",NA,190292,2617,162074,25601
2020-12-18,"Kosovo",NA,48337,1240,35792,11305
2020-12-18,"Turkey",NA,1982090,17610,1753552,210928
2020-12-19,"Armenia",NA,153173,2616,131931,18626
2020-12-19,"Azerbaijan",NA,199127,2175,135462,61490
2020-12-19,"Cyprus",NA,17476,89,2057,15330
2020-12-19,"Georgia",NA,206907,2055,175842,29010
2020-12-19,"Kazakhstan",NA,190969,2621,162959,25389
2020-12-19,"Kosovo",NA,48682,1248,36228,11206
2020-12-19,"Turkey",NA,2004285,17851,1779068,207366
2020-12-20,"Armenia",NA,153825,2630,132532,18663
2020-12-20,"Azerbaijan",NA,202088,2210,139779,60099
2020-12-20,"Cyprus",NA,17688,91,2057,15540
2020-12-20,"Georgia",NA,208638,2094,180441,26103
2020-12-20,"Kazakhstan",NA,191650,2622,163834,25194
2020-12-20,"Kosovo",NA,48905,1256,36570,11079
2020-12-20,"Turkey",NA,2024601,18097,1800286,206218
2020-12-21,"Armenia",NA,154065,2656,133176,18233
2020-12-21,"Azerbaijan",NA,203593,2253,142807,58533
2020-12-21,"Cyprus",NA,18004,96,2057,15851
2020-12-21,"Georgia",NA,209462,2140,184668,22654
2020-12-21,"Kazakhstan",NA,192579,2626,164774,25179
2020-12-21,"Kosovo",NA,49169,1262,36775,11132
2020-12-21,"Turkey",NA,2043704,18351,1834705,190648
2020-12-22,"Armenia",NA,154602,2673,134586,17343
2020-12-22,"Azerbaijan",NA,205877,2294,147199,56384
2020-12-22,"Cyprus",NA,18004,96,2057,15851
2020-12-22,"Georgia",NA,212526,2182,188408,21936
2020-12-22,"Kazakhstan",NA,193503,2677,165950,24876
2020-12-22,"Kosovo",NA,49169,1262,36775,11132
2020-12-22,"Turkey",NA,2062960,18602,1866815,177543
2020-12-23,"Armenia",NA,155440,2691,135638,17111
2020-12-23,"Azerbaijan",NA,208211,2340,151660,54211
2020-12-23,"Cyprus",NA,18883,104,2057,16722
2020-12-23,"Georgia",NA,214871,2233,191968,20670
2020-12-23,"Kazakhstan",NA,194257,2677,167503,24077
2020-12-23,"Kosovo",NA,49440,1274,37192,10974
2020-12-23,"Turkey",NA,2082610,18861,1901307,162442
2020-12-24,"Armenia",NA,156142,2714,136766,16662
2020-12-24,"Azerbaijan",NA,210061,2380,155886,51795
2020-12-24,"Cyprus",NA,19316,107,2057,17152
2020-12-24,"Georgia",NA,216843,2276,194705,19862
2020-12-24,"Kazakhstan",NA,194993,2677,168805,23511
2020-12-24,"Kosovo",NA,49440,1274,37192,10974
2020-12-24,"Turkey",NA,2100712,19115,1935292,146305
2020-12-25,"Armenia",NA,156763,2733,137815,16215
2020-12-25,"Azerbaijan",NA,211764,2416,160245,49103
2020-12-25,"Cyprus",NA,19366,109,2057,17200
2020-12-25,"Georgia",NA,218724,2313,196220,20191
2020-12-25,"Kazakhstan",NA,196216,2685,170515,23016
2020-12-25,"Kosovo",NA,50135,1298,38658,10179
2020-12-25,"Turkey",NA,2118255,19371,1970803,128081
2020-12-26,"Armenia",NA,157349,2752,138669,15928
2020-12-26,"Azerbaijan",NA,213192,2454,164500,46238
2020-12-26,"Cyprus",NA,19391,111,2057,17223
2020-12-26,"Georgia",NA,220508,2352,200339,17817
2020-12-26,"Kazakhstan",NA,197142,2686,171798,22658
2020-12-26,"Kosovo",NA,50405,1305,39136,9964
2020-12-26,"Turkey",NA,2133373,19624,1994034,119715
2020-12-27,"Armenia",NA,157834,2768,139113,15953
2020-12-27,"Azerbaijan",NA,214711,2499,168971,43241
2020-12-27,"Cyprus",NA,19657,112,2057,17488
2020-12-27,"Georgia",NA,221605,2377,203547,15681
2020-12-27,"Kazakhstan",NA,197902,2686,172673,22543
2020-12-27,"Kosovo",NA,50620,1309,39564,9747
2020-12-27,"Turkey",NA,2147578,19878,2015230,112470
2020-12-28,"Armenia",NA,157948,2775,139675,15498
2020-12-28,"Azerbaijan",NA,215483,2538,172019,40926
2020-12-28,"Cyprus",NA,20408,113,2057,18238
2020-12-28,"Georgia",NA,222143,2418,206313,13412
2020-12-28,"Kazakhstan",NA,198659,2689,173577,22393
2020-12-28,"Kosovo",NA,50801,1317,39971,9513
2020-12-28,"Turkey",NA,2162775,20135,2037433,105207
2020-12-29,"Armenia",NA,158296,2797,140942,14557
2020-12-29,"Azerbaijan",NA,216584,2575,176228,37781
2020-12-29,"Cyprus",NA,21315,117,2057,19141
2020-12-29,"Georgia",NA,224155,2443,208951,12761
2020-12-29,"Kazakhstan",NA,199555,2760,174713,22082
2020-12-29,"Kosovo",NA,50910,1325,40425,9160
2020-12-29,"Turkey",NA,2178580,20388,2058437,99755
2020-12-30,"Armenia",NA,158878,2807,141844,14227
2020-12-30,"Azerbaijan",NA,217636,2609,180295,34732
2020-12-30,"Cyprus",NA,22019,119,2057,19843
2020-12-30,"Georgia",NA,225893,2481,210445,12967
2020-12-30,"Kazakhstan",NA,200443,2761,175558,22124
2020-12-30,"Kosovo",NA,50910,1325,40425,9160
2020-12-30,"Turkey",NA,2194272,20642,2078629,95001
2020-12-31,"Armenia",NA,159409,2823,142801,13785
2020-12-31,"Azerbaijan",NA,218700,2641,184422,31637
2020-12-31,"Cyprus",NA,22019,119,2057,19843
2020-12-31,"Georgia",NA,227420,2505,211727,13188
2020-12-31,"Kazakhstan",NA,201196,2761,175558,22877
2020-12-31,"Kosovo",NA,51144,1332,40989,8823
2020-12-31,"Turkey",NA,2208652,20881,2100650,87121
